bot_id,market,algorithm,symbol,closed_trades_72h,wins,win_rate_pct,realized_pnl_72h,status,deactivated_at,deactivation_reason
nasdaq_arima_garch_v3,NASDAQ,arima_garch,,21,5,23.8,-24.28,DEACTIVATED,2026-07-01 20:32,"Tier-1 RED: win_rate 23.8% (<25%) tren 21 lenh dong + realized PnL -24.28 <0, cua so 72h. Ly do: overtrade tin hieu sai huong, thua co he thong."
crypto_xgboost_v9,CRYPTO,xgboost,,42,9,21.4,-7.20,DEACTIVATED,2026-07-01 20:32,"Tier-1 RED: win_rate 21.4% (<25%) tren 42 lenh dong + realized PnL -7.20 <0, cua so 72h. Ly do: overtrade tin hieu sai huong, thua co he thong."
nasdaq_nflx_sarima__ps_v9,NASDAQ,sarima__ps,NFLX,6,0,0.0,-7.18,DEACTIVATED,2026-07-01 20:32,"Tier-1 RED: win_rate 0.0% (<25%) tren 6 lenh dong + realized PnL -7.18 <0, cua so 72h. Ly do: overtrade tin hieu sai huong, thua co he thong."
gold_xgboost_v3,GOLD,xgboost,,70,2,2.9,-7.07,DEACTIVATED,2026-07-01 20:32,"Tier-1 RED: win_rate 2.9% (<25%) tren 70 lenh dong + realized PnL -7.07 <0, cua so 72h. Ly do: overtrade tin hieu sai huong, thua co he thong."
nasdaq_nflx_sarima__ps_v3,NASDAQ,sarima__ps,NFLX,6,0,0.0,-6.59,DEACTIVATED,2026-07-01 20:32,"Tier-1 RED: win_rate 0.0% (<25%) tren 6 lenh dong + realized PnL -6.59 <0, cua so 72h. Ly do: overtrade tin hieu sai huong, thua co he thong."
gold_xgboost_v9,GOLD,xgboost,,75,5,6.7,-5.91,DEACTIVATED,2026-07-01 20:32,"Tier-1 RED: win_rate 6.7% (<25%) tren 75 lenh dong + realized PnL -5.91 <0, cua so 72h. Ly do: overtrade tin hieu sai huong, thua co he thong."
gold_xgboost,GOLD,xgboost,,37,2,5.4,-4.51,DEACTIVATED,2026-07-01 20:32,"Tier-1 RED: win_rate 5.4% (<25%) tren 37 lenh dong + realized PnL -4.51 <0, cua so 72h. Ly do: overtrade tin hieu sai huong, thua co he thong."
gold_xgboost_v7,GOLD,xgboost,,37,2,5.4,-4.51,DEACTIVATED,2026-07-01 20:32,"Tier-1 RED: win_rate 5.4% (<25%) tren 37 lenh dong + realized PnL -4.51 <0, cua so 72h. Ly do: overtrade tin hieu sai huong, thua co he thong."
gold_xgboost_v6,GOLD,xgboost,,37,2,5.4,-4.51,DEACTIVATED,2026-07-01 20:32,"Tier-1 RED: win_rate 5.4% (<25%) tren 37 lenh dong + realized PnL -4.51 <0, cua so 72h. Ly do: overtrade tin hieu sai huong, thua co he thong."
gold_lightgbm_v9,GOLD,lightgbm,,55,1,1.8,-3.33,DEACTIVATED,2026-07-01 20:32,"Tier-1 RED: win_rate 1.8% (<25%) tren 55 lenh dong + realized PnL -3.33 <0, cua so 72h. Ly do: overtrade tin hieu sai huong, thua co he thong."
gold_lightgbm_v3,GOLD,lightgbm,,55,1,1.8,-3.33,DEACTIVATED,2026-07-01 20:32,"Tier-1 RED: win_rate 1.8% (<25%) tren 55 lenh dong + realized PnL -3.33 <0, cua so 72h. Ly do: overtrade tin hieu sai huong, thua co he thong."
crypto_lightgbm_v3,CRYPTO,lightgbm,,30,2,6.7,-2.85,DEACTIVATED,2026-07-01 20:32,"Tier-1 RED: win_rate 6.7% (<25%) tren 30 lenh dong + realized PnL -2.85 <0, cua so 72h. Ly do: overtrade tin hieu sai huong, thua co he thong."
gold_lightgbm_v7,GOLD,lightgbm,,11,1,9.1,-2.83,DEACTIVATED,2026-07-01 20:32,"Tier-1 RED: win_rate 9.1% (<25%) tren 11 lenh dong + realized PnL -2.83 <0, cua so 72h. Ly do: overtrade tin hieu sai huong, thua co he thong."
gold_lightgbm,GOLD,lightgbm,,11,1,9.1,-2.83,DEACTIVATED,2026-07-01 20:32,"Tier-1 RED: win_rate 9.1% (<25%) tren 11 lenh dong + realized PnL -2.83 <0, cua so 72h. Ly do: overtrade tin hieu sai huong, thua co he thong."
gold_lightgbm_v6,GOLD,lightgbm,,11,1,9.1,-2.83,DEACTIVATED,2026-07-01 20:32,"Tier-1 RED: win_rate 9.1% (<25%) tren 11 lenh dong + realized PnL -2.83 <0, cua so 72h. Ly do: overtrade tin hieu sai huong, thua co he thong."
crypto_ensemble_v9,CRYPTO,ensemble,,56,12,21.4,-2.53,DEACTIVATED,2026-07-01 20:32,"Tier-1 RED: win_rate 21.4% (<25%) tren 56 lenh dong + realized PnL -2.53 <0, cua so 72h. Ly do: overtrade tin hieu sai huong, thua co he thong."
gold_random_forest_v3,GOLD,random_forest,,15,0,0.0,-2.39,DEACTIVATED,2026-07-01 20:32,"Tier-1 RED: win_rate 0.0% (<25%) tren 15 lenh dong + realized PnL -2.39 <0, cua so 72h. Ly do: overtrade tin hieu sai huong, thua co he thong."
nasdaq_meta_arima_garch__ps_v9,NASDAQ,arima_garch__ps,META,7,0,0.0,-2.24,DEACTIVATED,2026-07-01 20:32,"Tier-1 RED: win_rate 0.0% (<25%) tren 7 lenh dong + realized PnL -2.24 <0, cua so 72h. Ly do: overtrade tin hieu sai huong, thua co he thong."
nasdaq_meta_arima_garch__ps_v3,NASDAQ,arima_garch__ps,META,7,0,0.0,-2.24,DEACTIVATED,2026-07-01 20:32,"Tier-1 RED: win_rate 0.0% (<25%) tren 7 lenh dong + realized PnL -2.24 <0, cua so 72h. Ly do: overtrade tin hieu sai huong, thua co he thong."
gold_xgboost_v5,GOLD,xgboost,,6,0,0.0,-2.22,DEACTIVATED,2026-07-01 20:32,"Tier-1 RED: win_rate 0.0% (<25%) tren 6 lenh dong + realized PnL -2.22 <0, cua so 72h. Ly do: overtrade tin hieu sai huong, thua co he thong."
gold_xau_spot_egarch__ps_v3,GOLD,egarch__ps,XAU_spot,29,1,3.4,-2.21,DEACTIVATED,2026-07-01 20:32,"Tier-1 RED: win_rate 3.4% (<25%) tren 29 lenh dong + realized PnL -2.21 <0, cua so 72h. Ly do: overtrade tin hieu sai huong, thua co he thong."
gold_egarch_v3,GOLD,egarch,,30,1,3.3,-2.12,DEACTIVATED,2026-07-01 20:32,"Tier-1 RED: win_rate 3.3% (<25%) tren 30 lenh dong + realized PnL -2.12 <0, cua so 72h. Ly do: overtrade tin hieu sai huong, thua co he thong."
crypto_gru_nn_v9,CRYPTO,gru_nn,,88,14,15.9,-2.07,DEACTIVATED,2026-07-01 20:32,"Tier-1 RED: win_rate 15.9% (<25%) tren 88 lenh dong + realized PnL -2.07 <0, cua so 72h. Ly do: overtrade tin hieu sai huong, thua co he thong."
gold_random_forest_v9,GOLD,random_forest,,15,2,13.3,-1.67,DEACTIVATED,2026-07-01 20:32,"Tier-1 RED: win_rate 13.3% (<25%) tren 15 lenh dong + realized PnL -1.67 <0, cua so 72h. Ly do: overtrade tin hieu sai huong, thua co he thong."
sp500_ko_lstm_nn__ps_v9,SP500,lstm_nn__ps,KO,10,2,20.0,-1.42,DEACTIVATED,2026-07-01 20:32,"Tier-1 RED: win_rate 20.0% (<25%) tren 10 lenh dong + realized PnL -1.42 <0, cua so 72h. Ly do: overtrade tin hieu sai huong, thua co he thong."
crypto_lightgbm_v9,CRYPTO,lightgbm,,32,3,9.4,-1.31,DEACTIVATED,2026-07-01 20:32,"Tier-1 RED: win_rate 9.4% (<25%) tren 32 lenh dong + realized PnL -1.31 <0, cua so 72h. Ly do: overtrade tin hieu sai huong, thua co he thong."
nasdaq_msft_xgboost__ps_v9,NASDAQ,xgboost__ps,MSFT,5,0,0.0,-1.07,DEACTIVATED,2026-07-01 20:32,"Tier-1 RED: win_rate 0.0% (<25%) tren 5 lenh dong + realized PnL -1.07 <0, cua so 72h. Ly do: overtrade tin hieu sai huong, thua co he thong."
gold_xgboost_v8,GOLD,xgboost,,14,0,0.0,-1.00,DEACTIVATED,2026-07-01 20:32,"Tier-1 RED: win_rate 0.0% (<25%) tren 14 lenh dong + realized PnL -1.00 <0, cua so 72h. Ly do: overtrade tin hieu sai huong, thua co he thong."
sp500_jpm_xgboost__ps_v3,SP500,xgboost__ps,JPM,6,0,0.0,-0.97,DEACTIVATED,2026-07-01 20:32,"Tier-1 RED: win_rate 0.0% (<25%) tren 6 lenh dong + realized PnL -0.97 <0, cua so 72h. Ly do: overtrade tin hieu sai huong, thua co he thong."
sp500_jpm_xgboost__ps_v9,SP500,xgboost__ps,JPM,6,0,0.0,-0.97,DEACTIVATED,2026-07-01 20:32,"Tier-1 RED: win_rate 0.0% (<25%) tren 6 lenh dong + realized PnL -0.97 <0, cua so 72h. Ly do: overtrade tin hieu sai huong, thua co he thong."
sp500_egarch_v4,SP500,egarch,,6,0,0.0,-0.74,DEACTIVATED,2026-07-01 20:32,"Tier-1 RED: win_rate 0.0% (<25%) tren 6 lenh dong + realized PnL -0.74 <0, cua so 72h. Ly do: overtrade tin hieu sai huong, thua co he thong."
nasdaq_cost_meta_stack__ps,NASDAQ,meta_stack__ps,COST,5,0,0.0,-0.49,DEACTIVATED,2026-07-01 20:32,"Tier-1 RED: win_rate 0.0% (<25%) tren 5 lenh dong + realized PnL -0.49 <0, cua so 72h. Ly do: overtrade tin hieu sai huong, thua co he thong."
sp500_unh_egarch__ps_v3,SP500,egarch__ps,UNH,5,0,0.0,-0.40,DEACTIVATED,2026-07-01 20:32,"Tier-1 RED: win_rate 0.0% (<25%) tren 5 lenh dong + realized PnL -0.40 <0, cua so 72h. Ly do: overtrade tin hieu sai huong, thua co he thong."
sp500_ma_lstm_nn__ps_v6,SP500,lstm_nn__ps,MA,15,3,20.0,-0.28,DEACTIVATED,2026-07-01 20:32,"Tier-1 RED: win_rate 20.0% (<25%) tren 15 lenh dong + realized PnL -0.28 <0, cua so 72h. Ly do: overtrade tin hieu sai huong, thua co he thong."
sp500_ma_lstm_nn__ps_v7,SP500,lstm_nn__ps,MA,15,3,20.0,-0.28,DEACTIVATED,2026-07-01 20:32,"Tier-1 RED: win_rate 20.0% (<25%) tren 15 lenh dong + realized PnL -0.28 <0, cua so 72h. Ly do: overtrade tin hieu sai huong, thua co he thong."
sp500_ma_lstm_nn__ps,SP500,lstm_nn__ps,MA,15,3,20.0,-0.28,DEACTIVATED,2026-07-01 20:32,"Tier-1 RED: win_rate 20.0% (<25%) tren 15 lenh dong + realized PnL -0.28 <0, cua so 72h. Ly do: overtrade tin hieu sai huong, thua co he thong."
sp500_jpm_random_forest__ps_v3,SP500,random_forest__ps,JPM,5,0,0.0,-0.07,DEACTIVATED,2026-07-01 20:32,"Tier-1 RED: win_rate 0.0% (<25%) tren 5 lenh dong + realized PnL -0.07 <0, cua so 72h. Ly do: overtrade tin hieu sai huong, thua co he thong."
sp500_jpm_random_forest__ps_v9,SP500,random_forest__ps,JPM,5,0,0.0,-0.07,DEACTIVATED,2026-07-01 20:32,"Tier-1 RED: win_rate 0.0% (<25%) tren 5 lenh dong + realized PnL -0.07 <0, cua so 72h. Ly do: overtrade tin hieu sai huong, thua co he thong."
gold_xau_spot_xgboost__ps_v9,GOLD,xgboost__ps,XAU_spot,5,1,20.0,-0.02,DEACTIVATED,2026-07-01 20:32,"Tier-1 RED: win_rate 20.0% (<25%) tren 5 lenh dong + realized PnL -0.02 <0, cua so 72h. Ly do: overtrade tin hieu sai huong, thua co he thong."
gold_xau_spot_xgboost__ps_v3,GOLD,xgboost__ps,XAU_spot,5,1,20.0,-0.02,DEACTIVATED,2026-07-01 20:32,"Tier-1 RED: win_rate 20.0% (<25%) tren 5 lenh dong + realized PnL -0.02 <0, cua so 72h. Ly do: overtrade tin hieu sai huong, thua co he thong."
sp500_ensemble_v7,SP500,ensemble,,7,1,14.3,-0.01,DEACTIVATED,2026-07-01 20:32,"Tier-1 RED: win_rate 14.3% (<25%) tren 7 lenh dong + realized PnL -0.01 <0, cua so 72h. Ly do: overtrade tin hieu sai huong, thua co he thong."
sp500_ensemble_v6,SP500,ensemble,,7,1,14.3,-0.01,DEACTIVATED,2026-07-01 20:32,"Tier-1 RED: win_rate 14.3% (<25%) tren 7 lenh dong + realized PnL -0.01 <0, cua so 72h. Ly do: overtrade tin hieu sai huong, thua co he thong."
sp500_ensemble,SP500,ensemble,,7,1,14.3,-0.01,DEACTIVATED,2026-07-01 20:32,"Tier-1 RED: win_rate 14.3% (<25%) tren 7 lenh dong + realized PnL -0.01 <0, cua so 72h. Ly do: overtrade tin hieu sai huong, thua co he thong."
nasdaq_random_forest_v9,NASDAQ,random_forest,"",34,8,23.5,-79.11,DEACTIVATED,2026-07-03 08:49,Tier-2 YELLOW re-eval 2026-07-03 08:49: realized PnL<0 tren >=5 lenh dong (full window) -> chien luoc thua co he thong. Deactivate.
nasdaq_random_forest,NASDAQ,random_forest,"",28,4,14.3,-51.35,DEACTIVATED,2026-07-03 08:49,Tier-2 YELLOW re-eval 2026-07-03 08:49: realized PnL<0 tren >=5 lenh dong (full window) -> chien luoc thua co he thong. Deactivate.
nasdaq_arima_garch_v9,NASDAQ,arima_garch,"",90,20,22.2,-47.53,DEACTIVATED,2026-07-03 08:49,Tier-2 YELLOW re-eval 2026-07-03 08:49: realized PnL<0 tren >=5 lenh dong (full window) -> chien luoc thua co he thong. Deactivate.
nasdaq_moving_average_v9,NASDAQ,moving_average,"",25,7,28.0,-37.92,DEACTIVATED,2026-07-03 08:49,Tier-2 YELLOW re-eval 2026-07-03 08:49: realized PnL<0 tren >=5 lenh dong (full window) -> chien luoc thua co he thong. Deactivate.
nasdaq_random_forest_v3,NASDAQ,random_forest,"",40,7,17.5,-36.74,DEACTIVATED,2026-07-03 08:49,Tier-2 YELLOW re-eval 2026-07-03 08:49: realized PnL<0 tren >=5 lenh dong (full window) -> chien luoc thua co he thong. Deactivate.
nasdaq_sarima_v9,NASDAQ,sarima,"",96,30,31.3,-32.28,DEACTIVATED,2026-07-03 08:49,Tier-2 YELLOW re-eval 2026-07-03 08:49: realized PnL<0 tren >=5 lenh dong (full window) -> chien luoc thua co he thong. Deactivate.
nasdaq_sarima_v8,NASDAQ,sarima,"",42,8,19.0,-28.97,DEACTIVATED,2026-07-03 08:49,Tier-2 YELLOW re-eval 2026-07-03 08:49: realized PnL<0 tren >=5 lenh dong (full window) -> chien luoc thua co he thong. Deactivate.
nasdaq_sarima_v3,NASDAQ,sarima,"",86,25,29.1,-25.83,DEACTIVATED,2026-07-03 08:49,Tier-2 YELLOW re-eval 2026-07-03 08:49: realized PnL<0 tren >=5 lenh dong (full window) -> chien luoc thua co he thong. Deactivate.
nasdaq_ensemble,NASDAQ,ensemble,"",57,12,21.1,-25.46,DEACTIVATED,2026-07-03 08:49,Tier-2 YELLOW re-eval 2026-07-03 08:49: realized PnL<0 tren >=5 lenh dong (full window) -> chien luoc thua co he thong. Deactivate.
nasdaq_xgboost,NASDAQ,xgboost,"",39,11,28.2,-17.13,DEACTIVATED,2026-07-03 08:49,Tier-2 YELLOW re-eval 2026-07-03 08:49: realized PnL<0 tren >=5 lenh dong (full window) -> chien luoc thua co he thong. Deactivate.
nasdaq_ensemble_v9,NASDAQ,ensemble,"",80,17,21.3,-17.07,DEACTIVATED,2026-07-03 08:49,Tier-2 YELLOW re-eval 2026-07-03 08:49: realized PnL<0 tren >=5 lenh dong (full window) -> chien luoc thua co he thong. Deactivate.
crypto_ensemble_v7,CRYPTO,ensemble,"",47,17,36.2,-15.62,DEACTIVATED,2026-07-03 08:49,Tier-2 YELLOW re-eval 2026-07-03 08:49: realized PnL<0 tren >=5 lenh dong (full window) -> chien luoc thua co he thong. Deactivate.
sp500_ensemble_v3,SP500,ensemble,"",21,3,14.3,-14.34,DEACTIVATED,2026-07-03 08:49,Tier-2 YELLOW re-eval 2026-07-03 08:49: realized PnL<0 tren >=5 lenh dong (full window) -> chien luoc thua co he thong. Deactivate.
nasdaq_lstm_nn_v9,NASDAQ,lstm_nn,"",33,14,42.4,-11.82,DEACTIVATED,2026-07-03 08:49,Tier-2 YELLOW re-eval 2026-07-03 08:49: realized PnL<0 tren >=5 lenh dong (full window) -> chien luoc thua co he thong. Deactivate.
nasdaq_lstm_nn_v4,NASDAQ,lstm_nn,"",24,5,20.8,-11.65,DEACTIVATED,2026-07-03 08:49,Tier-2 YELLOW re-eval 2026-07-03 08:49: realized PnL<0 tren >=5 lenh dong (full window) -> chien luoc thua co he thong. Deactivate.
crypto_ensemble_v3,CRYPTO,ensemble,"",74,17,23.0,-11.51,DEACTIVATED,2026-07-03 08:49,Tier-2 YELLOW re-eval 2026-07-03 08:49: realized PnL<0 tren >=5 lenh dong (full window) -> chien luoc thua co he thong. Deactivate.
nasdaq_sarima_v5,NASDAQ,sarima,"",12,4,33.3,-10.98,DEACTIVATED,2026-07-03 08:49,Tier-2 YELLOW re-eval 2026-07-03 08:49: realized PnL<0 tren >=5 lenh dong (full window) -> chien luoc thua co he thong. Deactivate.
nasdaq_qcom_egarch__ps_v3,NASDAQ,egarch__ps,QCOM,22,3,13.6,-10.83,DEACTIVATED,2026-07-03 08:49,Tier-2 YELLOW re-eval 2026-07-03 08:49: realized PnL<0 tren >=5 lenh dong (full window) -> chien luoc thua co he thong. Deactivate.
crypto_gru_nn,CRYPTO,gru_nn,"",187,34,18.2,-10.07,DEACTIVATED,2026-07-03 08:49,Tier-2 YELLOW re-eval 2026-07-03 08:49: realized PnL<0 tren >=5 lenh dong (full window) -> chien luoc thua co he thong. Deactivate.
crypto_ensemble,CRYPTO,ensemble,"",50,18,36.0,-9.92,DEACTIVATED,2026-07-03 08:49,Tier-2 YELLOW re-eval 2026-07-03 08:49: realized PnL<0 tren >=5 lenh dong (full window) -> chien luoc thua co he thong. Deactivate.
crypto_gru_nn_v2,CRYPTO,gru_nn,"",142,27,19.0,-9.16,DEACTIVATED,2026-07-03 08:49,Tier-2 YELLOW re-eval 2026-07-03 08:49: realized PnL<0 tren >=5 lenh dong (full window) -> chien luoc thua co he thong. Deactivate.
nasdaq_intc_random_forest__ps_v9,NASDAQ,random_forest__ps,INTC,19,4,21.1,-8.84,DEACTIVATED,2026-07-03 08:49,Tier-2 YELLOW re-eval 2026-07-03 08:49: realized PnL<0 tren >=5 lenh dong (full window) -> chien luoc thua co he thong. Deactivate.
crypto_gru_nn_v6,CRYPTO,gru_nn,"",188,34,18.1,-8.68,DEACTIVATED,2026-07-03 08:49,Tier-2 YELLOW re-eval 2026-07-03 08:49: realized PnL<0 tren >=5 lenh dong (full window) -> chien luoc thua co he thong. Deactivate.
nasdaq_qcom_egarch__ps_v9,NASDAQ,egarch__ps,QCOM,21,3,14.3,-8.66,DEACTIVATED,2026-07-03 08:49,Tier-2 YELLOW re-eval 2026-07-03 08:49: realized PnL<0 tren >=5 lenh dong (full window) -> chien luoc thua co he thong. Deactivate.
nasdaq_intc_xgboost__ps_v9,NASDAQ,xgboost__ps,INTC,13,3,23.1,-7.77,DEACTIVATED,2026-07-03 08:49,Tier-2 YELLOW re-eval 2026-07-03 08:49: realized PnL<0 tren >=5 lenh dong (full window) -> chien luoc thua co he thong. Deactivate.
nasdaq_intc_xgboost__ps_v3,NASDAQ,xgboost__ps,INTC,12,2,16.7,-7.66,DEACTIVATED,2026-07-03 08:49,Tier-2 YELLOW re-eval 2026-07-03 08:49: realized PnL<0 tren >=5 lenh dong (full window) -> chien luoc thua co he thong. Deactivate.
sp500_random_forest_v9,SP500,random_forest,"",21,9,42.9,-7.06,DEACTIVATED,2026-07-03 08:49,Tier-2 YELLOW re-eval 2026-07-03 08:49: realized PnL<0 tren >=5 lenh dong (full window) -> chien luoc thua co he thong. Deactivate.
nasdaq_sarima_v6,NASDAQ,sarima,"",71,20,28.2,-7.05,DEACTIVATED,2026-07-03 08:49,Tier-2 YELLOW re-eval 2026-07-03 08:49: realized PnL<0 tren >=5 lenh dong (full window) -> chien luoc thua co he thong. Deactivate.
nasdaq_ensemble_v3,NASDAQ,ensemble,"",90,21,23.3,-6.33,DEACTIVATED,2026-07-03 08:49,Tier-2 YELLOW re-eval 2026-07-03 08:49: realized PnL<0 tren >=5 lenh dong (full window) -> chien luoc thua co he thong. Deactivate.
nasdaq_intc_arima_garch__ps_v9,NASDAQ,arima_garch__ps,INTC,9,2,22.2,-5.61,DEACTIVATED,2026-07-03 08:49,Tier-2 YELLOW re-eval 2026-07-03 08:49: realized PnL<0 tren >=5 lenh dong (full window) -> chien luoc thua co he thong. Deactivate.
crypto_gru_nn_v7,CRYPTO,gru_nn,"",186,34,18.3,-5.39,DEACTIVATED,2026-07-03 08:49,Tier-2 YELLOW re-eval 2026-07-03 08:49: realized PnL<0 tren >=5 lenh dong (full window) -> chien luoc thua co he thong. Deactivate.
nasdaq_qcom_sarima__ps,NASDAQ,sarima__ps,QCOM,11,1,9.1,-5.32,DEACTIVATED,2026-07-03 08:49,Tier-2 YELLOW re-eval 2026-07-03 08:49: realized PnL<0 tren >=5 lenh dong (full window) -> chien luoc thua co he thong. Deactivate.
nasdaq_qcom_sarima__ps_v4,NASDAQ,sarima__ps,QCOM,11,1,9.1,-5.32,DEACTIVATED,2026-07-03 08:49,Tier-2 YELLOW re-eval 2026-07-03 08:49: realized PnL<0 tren >=5 lenh dong (full window) -> chien luoc thua co he thong. Deactivate.
nasdaq_intc_random_forest__ps_v3,NASDAQ,random_forest__ps,INTC,17,3,17.6,-5.16,DEACTIVATED,2026-07-03 08:49,Tier-2 YELLOW re-eval 2026-07-03 08:49: realized PnL<0 tren >=5 lenh dong (full window) -> chien luoc thua co he thong. Deactivate.
crypto_gru_nn_v3,CRYPTO,gru_nn,"",239,39,16.3,-4.71,DEACTIVATED,2026-07-03 08:49,Tier-2 YELLOW re-eval 2026-07-03 08:49: realized PnL<0 tren >=5 lenh dong (full window) -> chien luoc thua co he thong. Deactivate.
crypto_ensemble_v8,CRYPTO,ensemble,"",10,3,30.0,-4.39,DEACTIVATED,2026-07-03 08:49,Tier-2 YELLOW re-eval 2026-07-03 08:49: realized PnL<0 tren >=5 lenh dong (full window) -> chien luoc thua co he thong. Deactivate.
nasdaq_qcom_sarima__ps_v3,NASDAQ,sarima__ps,QCOM,11,1,9.1,-4.39,DEACTIVATED,2026-07-03 08:49,Tier-2 YELLOW re-eval 2026-07-03 08:49: realized PnL<0 tren >=5 lenh dong (full window) -> chien luoc thua co he thong. Deactivate.
nasdaq_qcom_sarima__ps_v6,NASDAQ,sarima__ps,QCOM,11,1,9.1,-4.39,DEACTIVATED,2026-07-03 08:49,Tier-2 YELLOW re-eval 2026-07-03 08:49: realized PnL<0 tren >=5 lenh dong (full window) -> chien luoc thua co he thong. Deactivate.
nasdaq_qcom_sarima__ps_v9,NASDAQ,sarima__ps,QCOM,12,1,8.3,-4.25,DEACTIVATED,2026-07-03 08:49,Tier-2 YELLOW re-eval 2026-07-03 08:49: realized PnL<0 tren >=5 lenh dong (full window) -> chien luoc thua co he thong. Deactivate.
sp500_egarch_v3,SP500,egarch,"",27,3,11.1,-4.18,DEACTIVATED,2026-07-03 08:49,Tier-2 YELLOW re-eval 2026-07-03 08:49: realized PnL<0 tren >=5 lenh dong (full window) -> chien luoc thua co he thong. Deactivate.
nasdaq_xgboost_v5,NASDAQ,xgboost,"",5,1,20.0,-4.12,DEACTIVATED,2026-07-03 08:49,Tier-2 YELLOW re-eval 2026-07-03 08:49: realized PnL<0 tren >=5 lenh dong (full window) -> chien luoc thua co he thong. Deactivate.
sp500_egarch_v6,SP500,egarch,"",40,6,15.0,-3.68,DEACTIVATED,2026-07-03 08:49,Tier-2 YELLOW re-eval 2026-07-03 08:49: realized PnL<0 tren >=5 lenh dong (full window) -> chien luoc thua co he thong. Deactivate.
nasdaq_csco_arima_garch__ps_v9,NASDAQ,arima_garch__ps,CSCO,14,3,21.4,-3.45,DEACTIVATED,2026-07-03 08:49,Tier-2 YELLOW re-eval 2026-07-03 08:49: realized PnL<0 tren >=5 lenh dong (full window) -> chien luoc thua co he thong. Deactivate.
nasdaq_csco_arima_garch__ps_v3,NASDAQ,arima_garch__ps,CSCO,14,3,21.4,-3.45,DEACTIVATED,2026-07-03 08:49,Tier-2 YELLOW re-eval 2026-07-03 08:49: realized PnL<0 tren >=5 lenh dong (full window) -> chien luoc thua co he thong. Deactivate.
nasdaq_avgo_egarch__ps_v9,NASDAQ,egarch__ps,AVGO,24,1,4.2,-3.27,DEACTIVATED,2026-07-03 08:49,Tier-2 YELLOW re-eval 2026-07-03 08:49: realized PnL<0 tren >=5 lenh dong (full window) -> chien luoc thua co he thong. Deactivate.
nasdaq_avgo_egarch__ps_v3,NASDAQ,egarch__ps,AVGO,24,1,4.2,-3.27,DEACTIVATED,2026-07-03 08:49,Tier-2 YELLOW re-eval 2026-07-03 08:49: realized PnL<0 tren >=5 lenh dong (full window) -> chien luoc thua co he thong. Deactivate.
sp500_egarch_v8,SP500,egarch,"",10,1,10.0,-2.66,DEACTIVATED,2026-07-03 08:49,Tier-2 YELLOW re-eval 2026-07-03 08:49: realized PnL<0 tren >=5 lenh dong (full window) -> chien luoc thua co he thong. Deactivate.
sp500_egarch,SP500,egarch,"",39,6,15.4,-2.62,DEACTIVATED,2026-07-03 08:49,Tier-2 YELLOW re-eval 2026-07-03 08:49: realized PnL<0 tren >=5 lenh dong (full window) -> chien luoc thua co he thong. Deactivate.
sp500_egarch_v7,SP500,egarch,"",39,6,15.4,-2.62,DEACTIVATED,2026-07-03 08:49,Tier-2 YELLOW re-eval 2026-07-03 08:49: realized PnL<0 tren >=5 lenh dong (full window) -> chien luoc thua co he thong. Deactivate.
sp500_ko_lstm_nn__ps,SP500,lstm_nn__ps,KO,17,2,11.8,-2.45,DEACTIVATED,2026-07-03 08:49,Tier-2 YELLOW re-eval 2026-07-03 08:49: realized PnL<0 tren >=5 lenh dong (full window) -> chien luoc thua co he thong. Deactivate.
sp500_ko_lstm_nn__ps_v7,SP500,lstm_nn__ps,KO,17,2,11.8,-2.45,DEACTIVATED,2026-07-03 08:49,Tier-2 YELLOW re-eval 2026-07-03 08:49: realized PnL<0 tren >=5 lenh dong (full window) -> chien luoc thua co he thong. Deactivate.
sp500_ko_lstm_nn__ps_v6,SP500,lstm_nn__ps,KO,17,2,11.8,-2.45,DEACTIVATED,2026-07-03 08:49,Tier-2 YELLOW re-eval 2026-07-03 08:49: realized PnL<0 tren >=5 lenh dong (full window) -> chien luoc thua co he thong. Deactivate.
sp500_ko_lstm_nn__ps_v3,SP500,lstm_nn__ps,KO,17,2,11.8,-2.45,DEACTIVATED,2026-07-03 08:49,Tier-2 YELLOW re-eval 2026-07-03 08:49: realized PnL<0 tren >=5 lenh dong (full window) -> chien luoc thua co he thong. Deactivate.
sp500_ko_lstm_nn__ps_v8,SP500,lstm_nn__ps,KO,13,2,15.4,-2.45,DEACTIVATED,2026-07-03 08:49,Tier-2 YELLOW re-eval 2026-07-03 08:49: realized PnL<0 tren >=5 lenh dong (full window) -> chien luoc thua co he thong. Deactivate.
nasdaq_intc_arima_garch__ps_v3,NASDAQ,arima_garch__ps,INTC,8,2,25.0,-2.41,DEACTIVATED,2026-07-03 08:49,Tier-2 YELLOW re-eval 2026-07-03 08:49: realized PnL<0 tren >=5 lenh dong (full window) -> chien luoc thua co he thong. Deactivate.
sp500_egarch_v5,SP500,egarch,"",21,2,9.5,-2.33,DEACTIVATED,2026-07-03 08:49,Tier-2 YELLOW re-eval 2026-07-03 08:49: realized PnL<0 tren >=5 lenh dong (full window) -> chien luoc thua co he thong. Deactivate.
sp500_arima_garch_v4,SP500,arima_garch,"",13,3,23.1,-2.30,DEACTIVATED,2026-07-03 08:49,Tier-2 YELLOW re-eval 2026-07-03 08:49: realized PnL<0 tren >=5 lenh dong (full window) -> chien luoc thua co he thong. Deactivate.
sp500_arima_garch,SP500,arima_garch,"",13,3,23.1,-2.30,DEACTIVATED,2026-07-03 08:49,Tier-2 YELLOW re-eval 2026-07-03 08:49: realized PnL<0 tren >=5 lenh dong (full window) -> chien luoc thua co he thong. Deactivate.
sp500_arima_garch_v7,SP500,arima_garch,"",13,3,23.1,-2.30,DEACTIVATED,2026-07-03 08:49,Tier-2 YELLOW re-eval 2026-07-03 08:49: realized PnL<0 tren >=5 lenh dong (full window) -> chien luoc thua co he thong. Deactivate.
sp500_arima_garch_v6,SP500,arima_garch,"",13,3,23.1,-2.30,DEACTIVATED,2026-07-03 08:49,Tier-2 YELLOW re-eval 2026-07-03 08:49: realized PnL<0 tren >=5 lenh dong (full window) -> chien luoc thua co he thong. Deactivate.
nasdaq_avgo_egarch__ps_v7,NASDAQ,egarch__ps,AVGO,14,2,14.3,-2.17,DEACTIVATED,2026-07-03 08:49,Tier-2 YELLOW re-eval 2026-07-03 08:49: realized PnL<0 tren >=5 lenh dong (full window) -> chien luoc thua co he thong. Deactivate.
nasdaq_avgo_egarch__ps_v6,NASDAQ,egarch__ps,AVGO,14,2,14.3,-2.17,DEACTIVATED,2026-07-03 08:49,Tier-2 YELLOW re-eval 2026-07-03 08:49: realized PnL<0 tren >=5 lenh dong (full window) -> chien luoc thua co he thong. Deactivate.
nasdaq_avgo_egarch__ps,NASDAQ,egarch__ps,AVGO,14,2,14.3,-2.17,DEACTIVATED,2026-07-03 08:49,Tier-2 YELLOW re-eval 2026-07-03 08:49: realized PnL<0 tren >=5 lenh dong (full window) -> chien luoc thua co he thong. Deactivate.
crypto_gru_nn_v5,CRYPTO,gru_nn,"",118,31,26.3,-1.44,DEACTIVATED,2026-07-03 08:49,Tier-2 YELLOW re-eval 2026-07-03 08:49: realized PnL<0 tren >=5 lenh dong (full window) -> chien luoc thua co he thong. Deactivate.
crypto_xgboost_v3,CRYPTO,xgboost,"",85,17,20.0,-1.40,DEACTIVATED,2026-07-03 08:49,Tier-2 YELLOW re-eval 2026-07-03 08:49: realized PnL<0 tren >=5 lenh dong (full window) -> chien luoc thua co he thong. Deactivate.
nasdaq_sarima_v4,NASDAQ,sarima,"",62,17,27.4,-1.22,DEACTIVATED,2026-07-03 08:49,Tier-2 YELLOW re-eval 2026-07-03 08:49: realized PnL<0 tren >=5 lenh dong (full window) -> chien luoc thua co he thong. Deactivate.
nasdaq_sarima,NASDAQ,sarima,"",62,17,27.4,-1.22,DEACTIVATED,2026-07-03 08:49,Tier-2 YELLOW re-eval 2026-07-03 08:49: realized PnL<0 tren >=5 lenh dong (full window) -> chien luoc thua co he thong. Deactivate.
sp500_bac_egarch__ps_v4,SP500,egarch__ps,BAC,9,0,0.0,-0.72,DEACTIVATED,2026-07-03 08:49,Tier-2 YELLOW re-eval 2026-07-03 08:49: realized PnL<0 tren >=5 lenh dong (full window) -> chien luoc thua co he thong. Deactivate.
sp500_bac_egarch__ps_v6,SP500,egarch__ps,BAC,9,0,0.0,-0.72,DEACTIVATED,2026-07-03 08:49,Tier-2 YELLOW re-eval 2026-07-03 08:49: realized PnL<0 tren >=5 lenh dong (full window) -> chien luoc thua co he thong. Deactivate.
sp500_bac_egarch__ps_v7,SP500,egarch__ps,BAC,9,0,0.0,-0.72,DEACTIVATED,2026-07-03 08:49,Tier-2 YELLOW re-eval 2026-07-03 08:49: realized PnL<0 tren >=5 lenh dong (full window) -> chien luoc thua co he thong. Deactivate.
sp500_bac_egarch__ps,SP500,egarch__ps,BAC,9,0,0.0,-0.72,DEACTIVATED,2026-07-03 08:49,Tier-2 YELLOW re-eval 2026-07-03 08:49: realized PnL<0 tren >=5 lenh dong (full window) -> chien luoc thua co he thong. Deactivate.
crypto_xgboost_v6,CRYPTO,xgboost,"",68,13,19.1,-0.56,DEACTIVATED,2026-07-03 08:49,Tier-2 YELLOW re-eval 2026-07-03 08:49: realized PnL<0 tren >=5 lenh dong (full window) -> chien luoc thua co he thong. Deactivate.
crypto_xgboost,CRYPTO,xgboost,"",68,13,19.1,-0.56,DEACTIVATED,2026-07-03 08:49,Tier-2 YELLOW re-eval 2026-07-03 08:49: realized PnL<0 tren >=5 lenh dong (full window) -> chien luoc thua co he thong. Deactivate.
crypto_xgboost_v7,CRYPTO,xgboost,"",68,13,19.1,-0.56,DEACTIVATED,2026-07-03 08:49,Tier-2 YELLOW re-eval 2026-07-03 08:49: realized PnL<0 tren >=5 lenh dong (full window) -> chien luoc thua co he thong. Deactivate.
crypto_eth_lightgbm__ps_v3,CRYPTO,lightgbm__ps,ETH,22,9,40.9,-0.43,DEACTIVATED,2026-07-03 08:49,Tier-2 YELLOW re-eval 2026-07-03 08:49: realized PnL<0 tren >=5 lenh dong (full window) -> chien luoc thua co he thong. Deactivate.
sp500_bac_egarch__ps_v3,SP500,egarch__ps,BAC,10,3,30.0,-0.36,DEACTIVATED,2026-07-03 08:49,Tier-2 YELLOW re-eval 2026-07-03 08:49: realized PnL<0 tren >=5 lenh dong (full window) -> chien luoc thua co he thong. Deactivate.
sp500_bac_egarch__ps_v9,SP500,egarch__ps,BAC,10,3,30.0,-0.36,DEACTIVATED,2026-07-03 08:49,Tier-2 YELLOW re-eval 2026-07-03 08:49: realized PnL<0 tren >=5 lenh dong (full window) -> chien luoc thua co he thong. Deactivate.
nasdaq_qcom_arima_garch__ps,NASDAQ,arima_garch__ps,QCOM,25,3,12.0,-0.26,DEACTIVATED,2026-07-03 08:49,Tier-2 YELLOW re-eval 2026-07-03 08:49: realized PnL<0 tren >=5 lenh dong (full window) -> chien luoc thua co he thong. Deactivate.
nasdaq_qcom_arima_garch__ps_v3,NASDAQ,arima_garch__ps,QCOM,25,3,12.0,-0.26,DEACTIVATED,2026-07-03 08:49,Tier-2 YELLOW re-eval 2026-07-03 08:49: realized PnL<0 tren >=5 lenh dong (full window) -> chien luoc thua co he thong. Deactivate.
nasdaq_qcom_arima_garch__ps_v4,NASDAQ,arima_garch__ps,QCOM,25,3,12.0,-0.26,DEACTIVATED,2026-07-03 08:49,Tier-2 YELLOW re-eval 2026-07-03 08:49: realized PnL<0 tren >=5 lenh dong (full window) -> chien luoc thua co he thong. Deactivate.
nasdaq_qcom_arima_garch__ps_v8,NASDAQ,arima_garch__ps,QCOM,25,3,12.0,-0.26,DEACTIVATED,2026-07-03 08:49,Tier-2 YELLOW re-eval 2026-07-03 08:49: realized PnL<0 tren >=5 lenh dong (full window) -> chien luoc thua co he thong. Deactivate.
nasdaq_qcom_arima_garch__ps_v7,NASDAQ,arima_garch__ps,QCOM,25,3,12.0,-0.26,DEACTIVATED,2026-07-03 08:49,Tier-2 YELLOW re-eval 2026-07-03 08:49: realized PnL<0 tren >=5 lenh dong (full window) -> chien luoc thua co he thong. Deactivate.
nasdaq_qcom_arima_garch__ps_v6,NASDAQ,arima_garch__ps,QCOM,25,3,12.0,-0.26,DEACTIVATED,2026-07-03 08:49,Tier-2 YELLOW re-eval 2026-07-03 08:49: realized PnL<0 tren >=5 lenh dong (full window) -> chien luoc thua co he thong. Deactivate.
sp500_xom_lstm_nn__ps_v7,SP500,lstm_nn__ps,XOM,30,6,20.0,-0.25,DEACTIVATED,2026-07-03 08:49,Tier-2 YELLOW re-eval 2026-07-03 08:49: realized PnL<0 tren >=5 lenh dong (full window) -> chien luoc thua co he thong. Deactivate.
sp500_xom_lstm_nn__ps_v3,SP500,lstm_nn__ps,XOM,30,6,20.0,-0.25,DEACTIVATED,2026-07-03 08:49,Tier-2 YELLOW re-eval 2026-07-03 08:49: realized PnL<0 tren >=5 lenh dong (full window) -> chien luoc thua co he thong. Deactivate.
sp500_xom_lstm_nn__ps,SP500,lstm_nn__ps,XOM,30,6,20.0,-0.25,DEACTIVATED,2026-07-03 08:49,Tier-2 YELLOW re-eval 2026-07-03 08:49: realized PnL<0 tren >=5 lenh dong (full window) -> chien luoc thua co he thong. Deactivate.
sp500_xom_lstm_nn__ps_v6,SP500,lstm_nn__ps,XOM,30,6,20.0,-0.25,DEACTIVATED,2026-07-03 08:49,Tier-2 YELLOW re-eval 2026-07-03 08:49: realized PnL<0 tren >=5 lenh dong (full window) -> chien luoc thua co he thong. Deactivate.
sp500_xom_lstm_nn__ps_v9,SP500,lstm_nn__ps,XOM,30,6,20.0,-0.25,DEACTIVATED,2026-07-03 08:49,Tier-2 YELLOW re-eval 2026-07-03 08:49: realized PnL<0 tren >=5 lenh dong (full window) -> chien luoc thua co he thong. Deactivate.
sp500_xom_lstm_nn__ps_v8,SP500,lstm_nn__ps,XOM,28,6,21.4,-0.07,DEACTIVATED,2026-07-03 08:49,Tier-2 YELLOW re-eval 2026-07-03 08:49: realized PnL<0 tren >=5 lenh dong (full window) -> chien luoc thua co he thong. Deactivate.
sp500_xom_lstm_nn__ps_v2,SP500,lstm_nn__ps,XOM,24,6,25.0,-0.07,DEACTIVATED,2026-07-03 08:49,Tier-2 YELLOW re-eval 2026-07-03 08:49: realized PnL<0 tren >=5 lenh dong (full window) -> chien luoc thua co he thong. Deactivate.
sp500_xom_lstm_nn__ps_v5,SP500,lstm_nn__ps,XOM,28,6,21.4,-0.05,DEACTIVATED,2026-07-03 08:49,Tier-2 YELLOW re-eval 2026-07-03 08:49: realized PnL<0 tren >=5 lenh dong (full window) -> chien luoc thua co he thong. Deactivate.
nasdaq_lightgbm_v9,NASDAQ,lightgbm,"",34,7,20.6,-51.29,DEACTIVATED,2026-07-03 09:00,Active sweep 2026-07-03 09:00: win-rate<30% & realized PnL<0. Deactivate.
nasdaq_egarch_v3,NASDAQ,egarch,"",55,14,25.5,-50.80,DEACTIVATED,2026-07-03 09:00,Active sweep 2026-07-03 09:00: win-rate<30% & realized PnL<0. Deactivate.
nasdaq_random_forest_v6,NASDAQ,random_forest,"",38,6,15.8,-49.53,DEACTIVATED,2026-07-03 09:00,Active sweep 2026-07-03 09:00: win-rate<30% & realized PnL<0. Deactivate.
nasdaq_moving_average_v3,NASDAQ,moving_average,"",12,3,25.0,-47.76,DEACTIVATED,2026-07-03 09:00,Active sweep 2026-07-03 09:00: win-rate<30% & realized PnL<0. Deactivate.
nasdaq_sarima_v2,NASDAQ,sarima,"",16,3,18.8,-47.36,DEACTIVATED,2026-07-03 09:00,Active sweep 2026-07-03 09:00: win-rate<30% & realized PnL<0. Deactivate.
nasdaq_moving_average_v6,NASDAQ,moving_average,"",6,0,0.0,-46.65,DEACTIVATED,2026-07-03 09:00,Active sweep 2026-07-03 09:00: win-rate<30% & realized PnL<0. Deactivate.
nasdaq_moving_average_v7,NASDAQ,moving_average,"",3,0,0.0,-43.74,DEACTIVATED,2026-07-03 09:00,Active sweep 2026-07-03 09:00: win-rate<30% & realized PnL<0. Deactivate.
nasdaq_arima_garch_v6,NASDAQ,arima_garch,"",89,26,29.2,-43.41,DEACTIVATED,2026-07-03 09:00,Active sweep 2026-07-03 09:00: win-rate<30% & realized PnL<0. Deactivate.
nasdaq_gru_nn_v4,NASDAQ,gru_nn,"",9,2,22.2,-43.23,DEACTIVATED,2026-07-03 09:00,Active sweep 2026-07-03 09:00: win-rate<30% & realized PnL<0. Deactivate.
nasdaq_lightgbm_v6,NASDAQ,lightgbm,"",21,5,23.8,-43.04,DEACTIVATED,2026-07-03 09:00,Active sweep 2026-07-03 09:00: win-rate<30% & realized PnL<0. Deactivate.
nasdaq_ensemble_v6,NASDAQ,ensemble,"",64,13,20.3,-42.28,DEACTIVATED,2026-07-03 09:00,Active sweep 2026-07-03 09:00: win-rate<30% & realized PnL<0. Deactivate.
nasdaq_arima_garch_v7,NASDAQ,arima_garch,"",90,26,28.9,-40.88,DEACTIVATED,2026-07-03 09:00,Active sweep 2026-07-03 09:00: win-rate<30% & realized PnL<0. Deactivate.
nasdaq_egarch_v6,NASDAQ,egarch,"",21,5,23.8,-40.62,DEACTIVATED,2026-07-03 09:00,Active sweep 2026-07-03 09:00: win-rate<30% & realized PnL<0. Deactivate.
nasdaq_ema,NASDAQ,ema,"",11,3,27.3,-40.40,DEACTIVATED,2026-07-03 09:00,Active sweep 2026-07-03 09:00: win-rate<30% & realized PnL<0. Deactivate.
nasdaq_moving_average,NASDAQ,moving_average,"",3,0,0.0,-40.27,DEACTIVATED,2026-07-03 09:00,Active sweep 2026-07-03 09:00: win-rate<30% & realized PnL<0. Deactivate.
nasdaq_lightgbm,NASDAQ,lightgbm,"",14,3,21.4,-38.71,DEACTIVATED,2026-07-03 09:00,Active sweep 2026-07-03 09:00: win-rate<30% & realized PnL<0. Deactivate.
nasdaq_arima_garch_v4,NASDAQ,arima_garch,"",91,26,28.6,-38.32,DEACTIVATED,2026-07-03 09:00,Active sweep 2026-07-03 09:00: win-rate<30% & realized PnL<0. Deactivate.
nasdaq_arima_garch,NASDAQ,arima_garch,"",91,26,28.6,-38.32,DEACTIVATED,2026-07-03 09:00,Active sweep 2026-07-03 09:00: win-rate<30% & realized PnL<0. Deactivate.
nasdaq_random_forest_v7,NASDAQ,random_forest,"",40,6,15.0,-37.61,DEACTIVATED,2026-07-03 09:00,Active sweep 2026-07-03 09:00: win-rate<30% & realized PnL<0. Deactivate.
nasdaq_xgboost_v6,NASDAQ,xgboost,"",42,11,26.2,-37.14,DEACTIVATED,2026-07-03 09:00,Active sweep 2026-07-03 09:00: win-rate<30% & realized PnL<0. Deactivate.
nasdaq_lightgbm_v3,NASDAQ,lightgbm,"",26,7,26.9,-31.13,DEACTIVATED,2026-07-03 09:00,Active sweep 2026-07-03 09:00: win-rate<30% & realized PnL<0. Deactivate.
nasdaq_ema_v6,NASDAQ,ema,"",11,3,27.3,-30.99,DEACTIVATED,2026-07-03 09:00,Active sweep 2026-07-03 09:00: win-rate<30% & realized PnL<0. Deactivate.
nasdaq_moving_average_v4,NASDAQ,moving_average,"",2,0,0.0,-29.08,DEACTIVATED,2026-07-03 09:00,Active sweep 2026-07-03 09:00: win-rate<30% & realized PnL<0. Deactivate.
nasdaq_ensemble_v5,NASDAQ,ensemble,"",15,4,26.7,-28.35,DEACTIVATED,2026-07-03 09:00,Active sweep 2026-07-03 09:00: win-rate<30% & realized PnL<0. Deactivate.
nasdaq_lightgbm_v8,NASDAQ,lightgbm,"",30,7,23.3,-22.55,DEACTIVATED,2026-07-03 09:00,Active sweep 2026-07-03 09:00: win-rate<30% & realized PnL<0. Deactivate.
nasdaq_intc_sarima__ps_v2,NASDAQ,sarima__ps,INTC,10,2,20.0,-21.79,DEACTIVATED,2026-07-03 09:00,Active sweep 2026-07-03 09:00: win-rate<30% & realized PnL<0. Deactivate.
gold_moving_average_v3,GOLD,moving_average,"",3,0,0.0,-21.76,DEACTIVATED,2026-07-03 09:00,Active sweep 2026-07-03 09:00: win-rate<30% & realized PnL<0. Deactivate.
nasdaq_intc_sarima__ps_v7,NASDAQ,sarima__ps,INTC,9,2,22.2,-21.38,DEACTIVATED,2026-07-03 09:00,Active sweep 2026-07-03 09:00: win-rate<30% & realized PnL<0. Deactivate.
nasdaq_intc_sarima__ps_v8,NASDAQ,sarima__ps,INTC,10,2,20.0,-20.84,DEACTIVATED,2026-07-03 09:00,Active sweep 2026-07-03 09:00: win-rate<30% & realized PnL<0. Deactivate.
nasdaq_intc_sarima__ps_v6,NASDAQ,sarima__ps,INTC,9,1,11.1,-20.14,DEACTIVATED,2026-07-03 09:00,Active sweep 2026-07-03 09:00: win-rate<30% & realized PnL<0. Deactivate.
nasdaq_intc_sarima__ps_v9,NASDAQ,sarima__ps,INTC,11,2,18.2,-18.79,DEACTIVATED,2026-07-03 09:00,Active sweep 2026-07-03 09:00: win-rate<30% & realized PnL<0. Deactivate.
nasdaq_intc_sarima__ps,NASDAQ,sarima__ps,INTC,10,2,20.0,-18.70,DEACTIVATED,2026-07-03 09:00,Active sweep 2026-07-03 09:00: win-rate<30% & realized PnL<0. Deactivate.
nasdaq_intc_sarima__ps_v4,NASDAQ,sarima__ps,INTC,10,2,20.0,-18.70,DEACTIVATED,2026-07-03 09:00,Active sweep 2026-07-03 09:00: win-rate<30% & realized PnL<0. Deactivate.
crypto_ema,CRYPTO,ema,"",4,1,25.0,-18.57,DEACTIVATED,2026-07-03 09:00,Active sweep 2026-07-03 09:00: win-rate<30% & realized PnL<0. Deactivate.
crypto_ema_v4,CRYPTO,ema,"",4,1,25.0,-18.57,DEACTIVATED,2026-07-03 09:00,Active sweep 2026-07-03 09:00: win-rate<30% & realized PnL<0. Deactivate.
nasdaq_amd_ema__ps,NASDAQ,ema__ps,AMD,2,0,0.0,-17.94,DEACTIVATED,2026-07-03 09:00,Active sweep 2026-07-03 09:00: win-rate<30% & realized PnL<0. Deactivate.
gold_moving_average_v9,GOLD,moving_average,"",3,0,0.0,-17.73,DEACTIVATED,2026-07-03 09:00,Active sweep 2026-07-03 09:00: win-rate<30% & realized PnL<0. Deactivate.
nasdaq_intc_sarima__ps_v3,NASDAQ,sarima__ps,INTC,9,1,11.1,-16.13,DEACTIVATED,2026-07-03 09:00,Active sweep 2026-07-03 09:00: win-rate<30% & realized PnL<0. Deactivate.
nasdaq_sarima_v10,NASDAQ,sarima,"",1,0,0.0,-15.90,DEACTIVATED,2026-07-03 09:00,Active sweep 2026-07-03 09:00: win-rate<30% & realized PnL<0. Deactivate.
nasdaq_arima_garch_v12,NASDAQ,arima_garch,"",44,10,22.7,-15.82,DEACTIVATED,2026-07-03 09:00,Active sweep 2026-07-03 09:00: win-rate<30% & realized PnL<0. Deactivate.
nasdaq_ema_v4,NASDAQ,ema,"",2,0,0.0,-15.68,DEACTIVATED,2026-07-03 09:00,Active sweep 2026-07-03 09:00: win-rate<30% & realized PnL<0. Deactivate.
nasdaq_random_forest_v12,NASDAQ,random_forest,"",27,5,18.5,-15.37,DEACTIVATED,2026-07-03 09:00,Active sweep 2026-07-03 09:00: win-rate<30% & realized PnL<0. Deactivate.
gold_moving_average,GOLD,moving_average,"",2,0,0.0,-14.71,DEACTIVATED,2026-07-03 09:00,Active sweep 2026-07-03 09:00: win-rate<30% & realized PnL<0. Deactivate.
gold_moving_average_v6,GOLD,moving_average,"",2,0,0.0,-14.71,DEACTIVATED,2026-07-03 09:00,Active sweep 2026-07-03 09:00: win-rate<30% & realized PnL<0. Deactivate.
gold_moving_average_v7,GOLD,moving_average,"",2,0,0.0,-14.71,DEACTIVATED,2026-07-03 09:00,Active sweep 2026-07-03 09:00: win-rate<30% & realized PnL<0. Deactivate.
nasdaq_amd_ema__ps_v7,NASDAQ,ema__ps,AMD,1,0,0.0,-13.96,DEACTIVATED,2026-07-03 09:00,Active sweep 2026-07-03 09:00: win-rate<30% & realized PnL<0. Deactivate.
nasdaq_amd_ema__ps_v6,NASDAQ,ema__ps,AMD,2,0,0.0,-13.38,DEACTIVATED,2026-07-03 09:00,Active sweep 2026-07-03 09:00: win-rate<30% & realized PnL<0. Deactivate.
crypto_ensemble_v2,CRYPTO,ensemble,"",9,2,22.2,-12.58,DEACTIVATED,2026-07-03 09:00,Active sweep 2026-07-03 09:00: win-rate<30% & realized PnL<0. Deactivate.
crypto_ema_v7,CRYPTO,ema,"",1,0,0.0,-12.44,DEACTIVATED,2026-07-03 09:00,Active sweep 2026-07-03 09:00: win-rate<30% & realized PnL<0. Deactivate.
nasdaq_lightgbm_v7,NASDAQ,lightgbm,"",7,2,28.6,-12.28,DEACTIVATED,2026-07-03 09:00,Active sweep 2026-07-03 09:00: win-rate<30% & realized PnL<0. Deactivate.
nasdaq_arima_garch_v11,NASDAQ,arima_garch,"",40,9,22.5,-12.26,DEACTIVATED,2026-07-03 09:00,Active sweep 2026-07-03 09:00: win-rate<30% & realized PnL<0. Deactivate.
nasdaq_tsla_moving_average__ps_v7,NASDAQ,moving_average__ps,TSLA,1,0,0.0,-12.25,DEACTIVATED,2026-07-03 09:00,Active sweep 2026-07-03 09:00: win-rate<30% & realized PnL<0. Deactivate.
nasdaq_intc_lstm_nn__ps_v3,NASDAQ,lstm_nn__ps,INTC,2,0,0.0,-12.04,DEACTIVATED,2026-07-03 09:00,Active sweep 2026-07-03 09:00: win-rate<30% & realized PnL<0. Deactivate.
nasdaq_random_forest_v11,NASDAQ,random_forest,"",11,2,18.2,-11.96,DEACTIVATED,2026-07-03 09:00,Active sweep 2026-07-03 09:00: win-rate<30% & realized PnL<0. Deactivate.
nasdaq_amd_moving_average__ps_v6,NASDAQ,moving_average__ps,AMD,2,0,0.0,-11.49,DEACTIVATED,2026-07-03 09:00,Active sweep 2026-07-03 09:00: win-rate<30% & realized PnL<0. Deactivate.
nasdaq_amd_moving_average__ps_v3,NASDAQ,moving_average__ps,AMD,2,0,0.0,-11.49,DEACTIVATED,2026-07-03 09:00,Active sweep 2026-07-03 09:00: win-rate<30% & realized PnL<0. Deactivate.
nasdaq_amd_moving_average__ps_v9,NASDAQ,moving_average__ps,AMD,2,0,0.0,-11.49,DEACTIVATED,2026-07-03 09:00,Active sweep 2026-07-03 09:00: win-rate<30% & realized PnL<0. Deactivate.
nasdaq_egarch_v11,NASDAQ,egarch,"",6,0,0.0,-11.44,DEACTIVATED,2026-07-03 09:00,Active sweep 2026-07-03 09:00: win-rate<30% & realized PnL<0. Deactivate.
nasdaq_amd_ema__ps_v3,NASDAQ,ema__ps,AMD,4,1,25.0,-11.37,DEACTIVATED,2026-07-03 09:00,Active sweep 2026-07-03 09:00: win-rate<30% & realized PnL<0. Deactivate.
nasdaq_amd_lightgbm__ps_v5,NASDAQ,lightgbm__ps,AMD,1,0,0.0,-11.33,DEACTIVATED,2026-07-03 09:00,Active sweep 2026-07-03 09:00: win-rate<30% & realized PnL<0. Deactivate.
nasdaq_intc_lstm_nn__ps_v9,NASDAQ,lstm_nn__ps,INTC,2,0,0.0,-11.20,DEACTIVATED,2026-07-03 09:00,Active sweep 2026-07-03 09:00: win-rate<30% & realized PnL<0. Deactivate.
nasdaq_tsla_ema__ps_v8,NASDAQ,ema__ps,TSLA,1,0,0.0,-11.19,DEACTIVATED,2026-07-03 09:00,Active sweep 2026-07-03 09:00: win-rate<30% & realized PnL<0. Deactivate.
nasdaq_tsla_ema__ps_v2,NASDAQ,ema__ps,TSLA,1,0,0.0,-11.19,DEACTIVATED,2026-07-03 09:00,Active sweep 2026-07-03 09:00: win-rate<30% & realized PnL<0. Deactivate.
nasdaq_tsla_moving_average__ps,NASDAQ,moving_average__ps,TSLA,1,0,0.0,-11.19,DEACTIVATED,2026-07-03 09:00,Active sweep 2026-07-03 09:00: win-rate<30% & realized PnL<0. Deactivate.
sp500_gru_nn_v6,SP500,gru_nn,"",28,7,25.0,-11.12,DEACTIVATED,2026-07-03 09:00,Active sweep 2026-07-03 09:00: win-rate<30% & realized PnL<0. Deactivate.
nasdaq_qcom_egarch__ps_v5,NASDAQ,egarch__ps,QCOM,1,0,0.0,-11.08,DEACTIVATED,2026-07-03 09:00,Active sweep 2026-07-03 09:00: win-rate<30% & realized PnL<0. Deactivate.
sp500_gru_nn_v3,SP500,gru_nn,"",39,7,17.9,-11.04,DEACTIVATED,2026-07-03 09:00,Active sweep 2026-07-03 09:00: win-rate<30% & realized PnL<0. Deactivate.
gold_ema_v9,GOLD,ema,"",2,0,0.0,-10.88,DEACTIVATED,2026-07-03 09:00,Active sweep 2026-07-03 09:00: win-rate<30% & realized PnL<0. Deactivate.
sp500_wmt_random_forest__ps_v9,SP500,random_forest__ps,WMT,6,0,0.0,-10.81,DEACTIVATED,2026-07-03 09:00,Active sweep 2026-07-03 09:00: win-rate<30% & realized PnL<0. Deactivate.
nasdaq_intc_gru_nn__ps_v5,NASDAQ,gru_nn__ps,INTC,1,0,0.0,-10.80,DEACTIVATED,2026-07-03 09:00,Active sweep 2026-07-03 09:00: win-rate<30% & realized PnL<0. Deactivate.
nasdaq_tsla_xgboost__ps_v9,NASDAQ,xgboost__ps,TSLA,2,0,0.0,-10.70,DEACTIVATED,2026-07-03 09:00,Active sweep 2026-07-03 09:00: win-rate<30% & realized PnL<0. Deactivate.
nasdaq_tsla_moving_average__ps_v9,NASDAQ,moving_average__ps,TSLA,2,0,0.0,-10.70,DEACTIVATED,2026-07-03 09:00,Active sweep 2026-07-03 09:00: win-rate<30% & realized PnL<0. Deactivate.
nasdaq_tsla_moving_average__ps_v6,NASDAQ,moving_average__ps,TSLA,2,0,0.0,-10.70,DEACTIVATED,2026-07-03 09:00,Active sweep 2026-07-03 09:00: win-rate<30% & realized PnL<0. Deactivate.
nasdaq_tsla_moving_average__ps_v3,NASDAQ,moving_average__ps,TSLA,2,0,0.0,-10.70,DEACTIVATED,2026-07-03 09:00,Active sweep 2026-07-03 09:00: win-rate<30% & realized PnL<0. Deactivate.
sp500_wmt_lstm_nn__ps_v4,SP500,lstm_nn__ps,WMT,1,0,0.0,-10.65,DEACTIVATED,2026-07-03 09:00,Active sweep 2026-07-03 09:00: win-rate<30% & realized PnL<0. Deactivate.
sp500_wmt_lstm_nn__ps_v8,SP500,lstm_nn__ps,WMT,1,0,0.0,-10.65,DEACTIVATED,2026-07-03 09:00,Active sweep 2026-07-03 09:00: win-rate<30% & realized PnL<0. Deactivate.
sp500_wmt_gru_nn__ps_v6,SP500,gru_nn__ps,WMT,1,0,0.0,-10.65,DEACTIVATED,2026-07-03 09:00,Active sweep 2026-07-03 09:00: win-rate<30% & realized PnL<0. Deactivate.
sp500_wmt_random_forest__ps_v3,SP500,random_forest__ps,WMT,5,0,0.0,-10.65,DEACTIVATED,2026-07-03 09:00,Active sweep 2026-07-03 09:00: win-rate<30% & realized PnL<0. Deactivate.
sp500_wmt_gru_nn__ps_v5,SP500,gru_nn__ps,WMT,1,0,0.0,-10.65,DEACTIVATED,2026-07-03 09:00,Active sweep 2026-07-03 09:00: win-rate<30% & realized PnL<0. Deactivate.
sp500_wmt_lstm_nn__ps_v3,SP500,lstm_nn__ps,WMT,1,0,0.0,-10.65,DEACTIVATED,2026-07-03 09:00,Active sweep 2026-07-03 09:00: win-rate<30% & realized PnL<0. Deactivate.
sp500_wmt_lstm_nn__ps,SP500,lstm_nn__ps,WMT,1,0,0.0,-10.65,DEACTIVATED,2026-07-03 09:00,Active sweep 2026-07-03 09:00: win-rate<30% & realized PnL<0. Deactivate.
sp500_wmt_gru_nn__ps,SP500,gru_nn__ps,WMT,1,0,0.0,-10.65,DEACTIVATED,2026-07-03 09:00,Active sweep 2026-07-03 09:00: win-rate<30% & realized PnL<0. Deactivate.
sp500_wmt_gru_nn__ps_v3,SP500,gru_nn__ps,WMT,1,0,0.0,-10.65,DEACTIVATED,2026-07-03 09:00,Active sweep 2026-07-03 09:00: win-rate<30% & realized PnL<0. Deactivate.
sp500_wmt_lstm_nn__ps_v6,SP500,lstm_nn__ps,WMT,1,0,0.0,-10.65,DEACTIVATED,2026-07-03 09:00,Active sweep 2026-07-03 09:00: win-rate<30% & realized PnL<0. Deactivate.
nasdaq_amd_xgboost__ps_v8,NASDAQ,xgboost__ps,AMD,1,0,0.0,-9.69,DEACTIVATED,2026-07-03 09:00,Active sweep 2026-07-03 09:00: win-rate<30% & realized PnL<0. Deactivate.
sp500_wmt_gru_nn__ps_v2,SP500,gru_nn__ps,WMT,1,0,0.0,-9.55,DEACTIVATED,2026-07-03 09:00,Active sweep 2026-07-03 09:00: win-rate<30% & realized PnL<0. Deactivate.
sp500_wmt_lstm_nn__ps_v2,SP500,lstm_nn__ps,WMT,1,0,0.0,-9.55,DEACTIVATED,2026-07-03 09:00,Active sweep 2026-07-03 09:00: win-rate<30% & realized PnL<0. Deactivate.
sp500_wmt_gru_nn__ps_v8,SP500,gru_nn__ps,WMT,1,0,0.0,-9.55,DEACTIVATED,2026-07-03 09:00,Active sweep 2026-07-03 09:00: win-rate<30% & realized PnL<0. Deactivate.
nasdaq_amd_lightgbm__ps_v8,NASDAQ,lightgbm__ps,AMD,1,0,0.0,-9.48,DEACTIVATED,2026-07-03 09:00,Active sweep 2026-07-03 09:00: win-rate<30% & realized PnL<0. Deactivate.
nasdaq_amd_moving_average__ps,NASDAQ,moving_average__ps,AMD,1,0,0.0,-9.48,DEACTIVATED,2026-07-03 09:00,Active sweep 2026-07-03 09:00: win-rate<30% & realized PnL<0. Deactivate.
nasdaq_amd_moving_average__ps_v4,NASDAQ,moving_average__ps,AMD,1,0,0.0,-9.48,DEACTIVATED,2026-07-03 09:00,Active sweep 2026-07-03 09:00: win-rate<30% & realized PnL<0. Deactivate.
nasdaq_qcom_ensemble__ps_v8,NASDAQ,ensemble__ps,QCOM,1,0,0.0,-9.44,DEACTIVATED,2026-07-03 09:00,Active sweep 2026-07-03 09:00: win-rate<30% & realized PnL<0. Deactivate.
nasdaq_qcom_egarch__ps_v8,NASDAQ,egarch__ps,QCOM,1,0,0.0,-9.39,DEACTIVATED,2026-07-03 09:00,Active sweep 2026-07-03 09:00: win-rate<30% & realized PnL<0. Deactivate.
nasdaq_qcom_egarch__ps_v7,NASDAQ,egarch__ps,QCOM,1,0,0.0,-9.34,DEACTIVATED,2026-07-03 09:00,Active sweep 2026-07-03 09:00: win-rate<30% & realized PnL<0. Deactivate.
nasdaq_intc_gru_nn__ps_v8,NASDAQ,gru_nn__ps,INTC,1,0,0.0,-9.32,DEACTIVATED,2026-07-03 09:00,Active sweep 2026-07-03 09:00: win-rate<30% & realized PnL<0. Deactivate.
nasdaq_meta_sarima__ps_v4,NASDAQ,sarima__ps,META,4,1,25.0,-9.15,DEACTIVATED,2026-07-03 09:00,Active sweep 2026-07-03 09:00: win-rate<30% & realized PnL<0. Deactivate.
nasdaq_meta_sarima__ps,NASDAQ,sarima__ps,META,4,1,25.0,-9.15,DEACTIVATED,2026-07-03 09:00,Active sweep 2026-07-03 09:00: win-rate<30% & realized PnL<0. Deactivate.
nasdaq_meta_ema__ps,NASDAQ,ema__ps,META,4,1,25.0,-9.15,DEACTIVATED,2026-07-03 09:00,Active sweep 2026-07-03 09:00: win-rate<30% & realized PnL<0. Deactivate.
nasdaq_ema_v8,NASDAQ,ema,"",1,0,0.0,-9.13,DEACTIVATED,2026-07-03 09:00,Active sweep 2026-07-03 09:00: win-rate<30% & realized PnL<0. Deactivate.
nasdaq_intc_ema__ps_v7,NASDAQ,ema__ps,INTC,1,0,0.0,-9.07,DEACTIVATED,2026-07-03 09:00,Active sweep 2026-07-03 09:00: win-rate<30% & realized PnL<0. Deactivate.
nasdaq_qcom_egarch__ps_v6,NASDAQ,egarch__ps,QCOM,2,0,0.0,-8.51,DEACTIVATED,2026-07-03 09:00,Active sweep 2026-07-03 09:00: win-rate<30% & realized PnL<0. Deactivate.
nasdaq_qcom_egarch__ps,NASDAQ,egarch__ps,QCOM,2,0,0.0,-8.51,DEACTIVATED,2026-07-03 09:00,Active sweep 2026-07-03 09:00: win-rate<30% & realized PnL<0. Deactivate.
nasdaq_intc_gru_nn__ps_v2,NASDAQ,gru_nn__ps,INTC,1,0,0.0,-8.48,DEACTIVATED,2026-07-03 09:00,Active sweep 2026-07-03 09:00: win-rate<30% & realized PnL<0. Deactivate.
nasdaq_intc_gru_nn__ps_v4,NASDAQ,gru_nn__ps,INTC,1,0,0.0,-8.48,DEACTIVATED,2026-07-03 09:00,Active sweep 2026-07-03 09:00: win-rate<30% & realized PnL<0. Deactivate.
nasdaq_intc_random_forest__ps_v2,NASDAQ,random_forest__ps,INTC,1,0,0.0,-8.48,DEACTIVATED,2026-07-03 09:00,Active sweep 2026-07-03 09:00: win-rate<30% & realized PnL<0. Deactivate.
nasdaq_random_forest_v2,NASDAQ,random_forest,"",1,0,0.0,-8.48,DEACTIVATED,2026-07-03 09:00,Active sweep 2026-07-03 09:00: win-rate<30% & realized PnL<0. Deactivate.
nasdaq_amd_ema__ps_v9,NASDAQ,ema__ps,AMD,4,1,25.0,-8.35,DEACTIVATED,2026-07-03 09:00,Active sweep 2026-07-03 09:00: win-rate<30% & realized PnL<0. Deactivate.
nasdaq_amd_lstm_nn__ps,NASDAQ,lstm_nn__ps,AMD,1,0,0.0,-8.33,DEACTIVATED,2026-07-03 09:00,Active sweep 2026-07-03 09:00: win-rate<30% & realized PnL<0. Deactivate.
nasdaq_meta_ema__ps_v4,NASDAQ,ema__ps,META,1,0,0.0,-8.29,DEACTIVATED,2026-07-03 09:00,Active sweep 2026-07-03 09:00: win-rate<30% & realized PnL<0. Deactivate.
nasdaq_meta_arima_garch__ps_v2,NASDAQ,arima_garch__ps,META,7,0,0.0,-8.21,DEACTIVATED,2026-07-03 09:00,Active sweep 2026-07-03 09:00: win-rate<30% & realized PnL<0. Deactivate.
nasdaq_meta_arima_garch__ps_v8,NASDAQ,arima_garch__ps,META,10,1,10.0,-8.21,DEACTIVATED,2026-07-03 09:00,Active sweep 2026-07-03 09:00: win-rate<30% & realized PnL<0. Deactivate.
nasdaq_meta_arima_garch__ps_v7,NASDAQ,arima_garch__ps,META,10,1,10.0,-8.21,DEACTIVATED,2026-07-03 09:00,Active sweep 2026-07-03 09:00: win-rate<30% & realized PnL<0. Deactivate.
nasdaq_meta_arima_garch__ps_v4,NASDAQ,arima_garch__ps,META,10,1,10.0,-8.21,DEACTIVATED,2026-07-03 09:00,Active sweep 2026-07-03 09:00: win-rate<30% & realized PnL<0. Deactivate.
nasdaq_meta_arima_garch__ps,NASDAQ,arima_garch__ps,META,10,1,10.0,-8.21,DEACTIVATED,2026-07-03 09:00,Active sweep 2026-07-03 09:00: win-rate<30% & realized PnL<0. Deactivate.
nasdaq_lightgbm_v12,NASDAQ,lightgbm,"",14,3,21.4,-8.14,DEACTIVATED,2026-07-03 09:00,Active sweep 2026-07-03 09:00: win-rate<30% & realized PnL<0. Deactivate.
nasdaq_ema_v2,NASDAQ,ema,"",1,0,0.0,-8.05,DEACTIVATED,2026-07-03 09:00,Active sweep 2026-07-03 09:00: win-rate<30% & realized PnL<0. Deactivate.
nasdaq_tsla_ema__ps_v4,NASDAQ,ema__ps,TSLA,1,0,0.0,-8.02,DEACTIVATED,2026-07-03 09:00,Active sweep 2026-07-03 09:00: win-rate<30% & realized PnL<0. Deactivate.
nasdaq_tsla_ema__ps,NASDAQ,ema__ps,TSLA,1,0,0.0,-8.02,DEACTIVATED,2026-07-03 09:00,Active sweep 2026-07-03 09:00: win-rate<30% & realized PnL<0. Deactivate.
sp500_moving_average_v6,SP500,moving_average,"",2,0,0.0,-7.85,DEACTIVATED,2026-07-03 09:00,Active sweep 2026-07-03 09:00: win-rate<30% & realized PnL<0. Deactivate.
nasdaq_qcom_gru_nn__ps,NASDAQ,gru_nn__ps,QCOM,1,0,0.0,-7.78,DEACTIVATED,2026-07-03 09:00,Active sweep 2026-07-03 09:00: win-rate<30% & realized PnL<0. Deactivate.
sp500_wmt_lightgbm__ps_v3,SP500,lightgbm__ps,WMT,1,0,0.0,-7.77,DEACTIVATED,2026-07-03 09:00,Active sweep 2026-07-03 09:00: win-rate<30% & realized PnL<0. Deactivate.
nasdaq_qcom_lightgbm__ps,NASDAQ,lightgbm__ps,QCOM,1,0,0.0,-7.74,DEACTIVATED,2026-07-03 09:00,Active sweep 2026-07-03 09:00: win-rate<30% & realized PnL<0. Deactivate.
nasdaq_qcom_sarima__ps_v2,NASDAQ,sarima__ps,QCOM,1,0,0.0,-7.74,DEACTIVATED,2026-07-03 09:00,Active sweep 2026-07-03 09:00: win-rate<30% & realized PnL<0. Deactivate.
nasdaq_qcom_ensemble__ps,NASDAQ,ensemble__ps,QCOM,1,0,0.0,-7.74,DEACTIVATED,2026-07-03 09:00,Active sweep 2026-07-03 09:00: win-rate<30% & realized PnL<0. Deactivate.
nasdaq_qcom_egarch__ps_v2,NASDAQ,egarch__ps,QCOM,1,0,0.0,-7.68,DEACTIVATED,2026-07-03 09:00,Active sweep 2026-07-03 09:00: win-rate<30% & realized PnL<0. Deactivate.
nasdaq_qcom_egarch__ps_v4,NASDAQ,egarch__ps,QCOM,1,0,0.0,-7.68,DEACTIVATED,2026-07-03 09:00,Active sweep 2026-07-03 09:00: win-rate<30% & realized PnL<0. Deactivate.
nasdaq_lightgbm_v2,NASDAQ,lightgbm,"",1,0,0.0,-7.56,DEACTIVATED,2026-07-03 09:00,Active sweep 2026-07-03 09:00: win-rate<30% & realized PnL<0. Deactivate.
nasdaq_tsla_ema__ps_v6,NASDAQ,ema__ps,TSLA,1,0,0.0,-7.34,DEACTIVATED,2026-07-03 09:00,Active sweep 2026-07-03 09:00: win-rate<30% & realized PnL<0. Deactivate.
nasdaq_amd_arima_garch__ps_v5,NASDAQ,arima_garch__ps,AMD,5,1,20.0,-7.33,DEACTIVATED,2026-07-03 09:00,Active sweep 2026-07-03 09:00: win-rate<30% & realized PnL<0. Deactivate.
nasdaq_amd_arima_garch__ps_v10,NASDAQ,arima_garch__ps,AMD,5,1,20.0,-7.33,DEACTIVATED,2026-07-03 09:00,Active sweep 2026-07-03 09:00: win-rate<30% & realized PnL<0. Deactivate.
nasdaq_meta_sarima__ps_v3,NASDAQ,sarima__ps,META,10,1,10.0,-7.29,DEACTIVATED,2026-07-03 09:00,Active sweep 2026-07-03 09:00: win-rate<30% & realized PnL<0. Deactivate.
nasdaq_meta_sarima__ps_v9,NASDAQ,sarima__ps,META,10,1,10.0,-7.29,DEACTIVATED,2026-07-03 09:00,Active sweep 2026-07-03 09:00: win-rate<30% & realized PnL<0. Deactivate.
nasdaq_meta_sarima__ps_v6,NASDAQ,sarima__ps,META,4,1,25.0,-7.29,DEACTIVATED,2026-07-03 09:00,Active sweep 2026-07-03 09:00: win-rate<30% & realized PnL<0. Deactivate.
nasdaq_meta_ema__ps_v3,NASDAQ,ema__ps,META,4,1,25.0,-7.29,DEACTIVATED,2026-07-03 09:00,Active sweep 2026-07-03 09:00: win-rate<30% & realized PnL<0. Deactivate.
nasdaq_meta_moving_average__ps_v9,NASDAQ,moving_average__ps,META,4,1,25.0,-7.29,DEACTIVATED,2026-07-03 09:00,Active sweep 2026-07-03 09:00: win-rate<30% & realized PnL<0. Deactivate.
nasdaq_meta_ema__ps_v9,NASDAQ,ema__ps,META,4,1,25.0,-7.29,DEACTIVATED,2026-07-03 09:00,Active sweep 2026-07-03 09:00: win-rate<30% & realized PnL<0. Deactivate.
nasdaq_meta_ema__ps_v6,NASDAQ,ema__ps,META,4,1,25.0,-7.29,DEACTIVATED,2026-07-03 09:00,Active sweep 2026-07-03 09:00: win-rate<30% & realized PnL<0. Deactivate.
nasdaq_lightgbm_v11,NASDAQ,lightgbm,"",10,2,20.0,-7.26,DEACTIVATED,2026-07-03 09:00,Active sweep 2026-07-03 09:00: win-rate<30% & realized PnL<0. Deactivate.
nasdaq_meta_arima_garch__ps_v6,NASDAQ,arima_garch__ps,META,11,1,9.1,-7.14,DEACTIVATED,2026-07-03 09:00,Active sweep 2026-07-03 09:00: win-rate<30% & realized PnL<0. Deactivate.
nasdaq_avgo_lightgbm__ps_v9,NASDAQ,lightgbm__ps,AVGO,2,0,0.0,-7.10,DEACTIVATED,2026-07-03 09:00,Active sweep 2026-07-03 09:00: win-rate<30% & realized PnL<0. Deactivate.
gold_ema_v3,GOLD,ema,"",1,0,0.0,-7.05,DEACTIVATED,2026-07-03 09:00,Active sweep 2026-07-03 09:00: win-rate<30% & realized PnL<0. Deactivate.
nasdaq_intc_egarch__ps_v6,NASDAQ,egarch__ps,INTC,4,1,25.0,-6.77,DEACTIVATED,2026-07-03 09:00,Active sweep 2026-07-03 09:00: win-rate<30% & realized PnL<0. Deactivate.
nasdaq_qcom_xgboost__ps_v9,NASDAQ,xgboost__ps,QCOM,2,0,0.0,-6.75,DEACTIVATED,2026-07-03 09:00,Active sweep 2026-07-03 09:00: win-rate<30% & realized PnL<0. Deactivate.
sp500_gru_nn,SP500,gru_nn,"",26,6,23.1,-6.74,DEACTIVATED,2026-07-03 09:00,Active sweep 2026-07-03 09:00: win-rate<30% & realized PnL<0. Deactivate.
nasdaq_cost_lstm_nn__ps_v9,NASDAQ,lstm_nn__ps,COST,2,0,0.0,-6.48,DEACTIVATED,2026-07-03 09:00,Active sweep 2026-07-03 09:00: win-rate<30% & realized PnL<0. Deactivate.
nasdaq_cost_ensemble__ps_v9,NASDAQ,ensemble__ps,COST,2,0,0.0,-6.48,DEACTIVATED,2026-07-03 09:00,Active sweep 2026-07-03 09:00: win-rate<30% & realized PnL<0. Deactivate.
nasdaq_cost_gru_nn__ps_v9,NASDAQ,gru_nn__ps,COST,2,0,0.0,-6.48,DEACTIVATED,2026-07-03 09:00,Active sweep 2026-07-03 09:00: win-rate<30% & realized PnL<0. Deactivate.
nasdaq_amd_lstm_nn__ps_v6,NASDAQ,lstm_nn__ps,AMD,1,0,0.0,-6.45,DEACTIVATED,2026-07-03 09:00,Active sweep 2026-07-03 09:00: win-rate<30% & realized PnL<0. Deactivate.
nasdaq_amd_lstm_nn__ps_v3,NASDAQ,lstm_nn__ps,AMD,1,0,0.0,-6.45,DEACTIVATED,2026-07-03 09:00,Active sweep 2026-07-03 09:00: win-rate<30% & realized PnL<0. Deactivate.
nasdaq_amd_lstm_nn__ps_v9,NASDAQ,lstm_nn__ps,AMD,1,0,0.0,-6.45,DEACTIVATED,2026-07-03 09:00,Active sweep 2026-07-03 09:00: win-rate<30% & realized PnL<0. Deactivate.
nasdaq_tsla_random_forest__ps_v7,NASDAQ,random_forest__ps,TSLA,6,0,0.0,-6.42,DEACTIVATED,2026-07-03 09:00,Active sweep 2026-07-03 09:00: win-rate<30% & realized PnL<0. Deactivate.
nasdaq_tsla_random_forest__ps,NASDAQ,random_forest__ps,TSLA,6,0,0.0,-6.42,DEACTIVATED,2026-07-03 09:00,Active sweep 2026-07-03 09:00: win-rate<30% & realized PnL<0. Deactivate.
gold_gru_nn_v8,GOLD,gru_nn,"",46,5,10.9,-6.39,DEACTIVATED,2026-07-03 09:00,Active sweep 2026-07-03 09:00: win-rate<30% & realized PnL<0. Deactivate.
gold_gru_nn_v2,GOLD,gru_nn,"",27,6,22.2,-6.38,DEACTIVATED,2026-07-03 09:00,Active sweep 2026-07-03 09:00: win-rate<30% & realized PnL<0. Deactivate.
gold_lstm_nn_v3,GOLD,lstm_nn,"",30,2,6.7,-6.15,DEACTIVATED,2026-07-03 09:00,Active sweep 2026-07-03 09:00: win-rate<30% & realized PnL<0. Deactivate.
nasdaq_qcom_ensemble__ps_v6,NASDAQ,ensemble__ps,QCOM,1,0,0.0,-6.01,DEACTIVATED,2026-07-03 09:00,Active sweep 2026-07-03 09:00: win-rate<30% & realized PnL<0. Deactivate.
nasdaq_qcom_lightgbm__ps_v6,NASDAQ,lightgbm__ps,QCOM,1,0,0.0,-6.01,DEACTIVATED,2026-07-03 09:00,Active sweep 2026-07-03 09:00: win-rate<30% & realized PnL<0. Deactivate.
nasdaq_qcom_ensemble__ps_v3,NASDAQ,ensemble__ps,QCOM,1,0,0.0,-6.01,DEACTIVATED,2026-07-03 09:00,Active sweep 2026-07-03 09:00: win-rate<30% & realized PnL<0. Deactivate.
nasdaq_qcom_lightgbm__ps_v3,NASDAQ,lightgbm__ps,QCOM,1,0,0.0,-6.01,DEACTIVATED,2026-07-03 09:00,Active sweep 2026-07-03 09:00: win-rate<30% & realized PnL<0. Deactivate.
nasdaq_qcom_gru_nn__ps_v3,NASDAQ,gru_nn__ps,QCOM,1,0,0.0,-6.01,DEACTIVATED,2026-07-03 09:00,Active sweep 2026-07-03 09:00: win-rate<30% & realized PnL<0. Deactivate.
nasdaq_qcom_lstm_nn__ps_v3,NASDAQ,lstm_nn__ps,QCOM,1,0,0.0,-6.01,DEACTIVATED,2026-07-03 09:00,Active sweep 2026-07-03 09:00: win-rate<30% & realized PnL<0. Deactivate.
gold_gru_nn,GOLD,gru_nn,"",50,10,20.0,-5.99,DEACTIVATED,2026-07-03 09:00,Active sweep 2026-07-03 09:00: win-rate<30% & realized PnL<0. Deactivate.
gold_ensemble_v3,GOLD,ensemble,"",23,2,8.7,-5.99,DEACTIVATED,2026-07-03 09:00,Active sweep 2026-07-03 09:00: win-rate<30% & realized PnL<0. Deactivate.
gold_ensemble_v6,GOLD,ensemble,"",21,2,9.5,-5.99,DEACTIVATED,2026-07-03 09:00,Active sweep 2026-07-03 09:00: win-rate<30% & realized PnL<0. Deactivate.
nasdaq_csco_sarima__ps_v7,NASDAQ,sarima__ps,CSCO,15,3,20.0,-5.96,DEACTIVATED,2026-07-03 09:00,Active sweep 2026-07-03 09:00: win-rate<30% & realized PnL<0. Deactivate.
nasdaq_csco_sarima__ps_v9,NASDAQ,sarima__ps,CSCO,15,3,20.0,-5.96,DEACTIVATED,2026-07-03 09:00,Active sweep 2026-07-03 09:00: win-rate<30% & realized PnL<0. Deactivate.
nasdaq_csco_sarima__ps,NASDAQ,sarima__ps,CSCO,15,3,20.0,-5.96,DEACTIVATED,2026-07-03 09:00,Active sweep 2026-07-03 09:00: win-rate<30% & realized PnL<0. Deactivate.
nasdaq_csco_sarima__ps_v3,NASDAQ,sarima__ps,CSCO,15,3,20.0,-5.96,DEACTIVATED,2026-07-03 09:00,Active sweep 2026-07-03 09:00: win-rate<30% & realized PnL<0. Deactivate.
nasdaq_csco_sarima__ps_v4,NASDAQ,sarima__ps,CSCO,15,3,20.0,-5.96,DEACTIVATED,2026-07-03 09:00,Active sweep 2026-07-03 09:00: win-rate<30% & realized PnL<0. Deactivate.
nasdaq_csco_sarima__ps_v6,NASDAQ,sarima__ps,CSCO,15,3,20.0,-5.96,DEACTIVATED,2026-07-03 09:00,Active sweep 2026-07-03 09:00: win-rate<30% & realized PnL<0. Deactivate.
sp500_gru_nn_v8,SP500,gru_nn,"",17,5,29.4,-5.82,DEACTIVATED,2026-07-03 09:00,Active sweep 2026-07-03 09:00: win-rate<30% & realized PnL<0. Deactivate.
nasdaq_tsla_random_forest__ps_v6,NASDAQ,random_forest__ps,TSLA,7,0,0.0,-5.75,DEACTIVATED,2026-07-03 09:00,Active sweep 2026-07-03 09:00: win-rate<30% & realized PnL<0. Deactivate.
nasdaq_tsla_random_forest__ps_v3,NASDAQ,random_forest__ps,TSLA,7,0,0.0,-5.75,DEACTIVATED,2026-07-03 09:00,Active sweep 2026-07-03 09:00: win-rate<30% & realized PnL<0. Deactivate.
nasdaq_tsla_random_forest__ps_v9,NASDAQ,random_forest__ps,TSLA,7,0,0.0,-5.75,DEACTIVATED,2026-07-03 09:00,Active sweep 2026-07-03 09:00: win-rate<30% & realized PnL<0. Deactivate.
nasdaq_meta_moving_average__ps_v3,NASDAQ,moving_average__ps,META,1,0,0.0,-5.68,DEACTIVATED,2026-07-03 09:00,Active sweep 2026-07-03 09:00: win-rate<30% & realized PnL<0. Deactivate.
nasdaq_qcom_lightgbm__ps_v9,NASDAQ,lightgbm__ps,QCOM,4,1,25.0,-5.66,DEACTIVATED,2026-07-03 09:00,Active sweep 2026-07-03 09:00: win-rate<30% & realized PnL<0. Deactivate.
nasdaq_nflx_ensemble__ps_v6,NASDAQ,ensemble__ps,NFLX,1,0,0.0,-5.36,DEACTIVATED,2026-07-03 09:00,Active sweep 2026-07-03 09:00: win-rate<30% & realized PnL<0. Deactivate.
nasdaq_nflx_ensemble__ps_v3,NASDAQ,ensemble__ps,NFLX,1,0,0.0,-5.36,DEACTIVATED,2026-07-03 09:00,Active sweep 2026-07-03 09:00: win-rate<30% & realized PnL<0. Deactivate.
nasdaq_nflx_gru_nn__ps_v3,NASDAQ,gru_nn__ps,NFLX,1,0,0.0,-5.36,DEACTIVATED,2026-07-03 09:00,Active sweep 2026-07-03 09:00: win-rate<30% & realized PnL<0. Deactivate.
nasdaq_nflx_sarima__ps_v6,NASDAQ,sarima__ps,NFLX,1,0,0.0,-5.36,DEACTIVATED,2026-07-03 09:00,Active sweep 2026-07-03 09:00: win-rate<30% & realized PnL<0. Deactivate.
nasdaq_avgo_lstm_nn__ps_v6,NASDAQ,lstm_nn__ps,AVGO,1,0,0.0,-5.21,DEACTIVATED,2026-07-03 09:00,Active sweep 2026-07-03 09:00: win-rate<30% & realized PnL<0. Deactivate.
nasdaq_cost_lstm_nn__ps_v6,NASDAQ,lstm_nn__ps,COST,1,0,0.0,-5.20,DEACTIVATED,2026-07-03 09:00,Active sweep 2026-07-03 09:00: win-rate<30% & realized PnL<0. Deactivate.
nasdaq_cost_egarch__ps_v6,NASDAQ,egarch__ps,COST,1,0,0.0,-5.20,DEACTIVATED,2026-07-03 09:00,Active sweep 2026-07-03 09:00: win-rate<30% & realized PnL<0. Deactivate.
nasdaq_cost_ensemble__ps_v3,NASDAQ,ensemble__ps,COST,1,0,0.0,-5.20,DEACTIVATED,2026-07-03 09:00,Active sweep 2026-07-03 09:00: win-rate<30% & realized PnL<0. Deactivate.
nasdaq_cost_gru_nn__ps_v3,NASDAQ,gru_nn__ps,COST,1,0,0.0,-5.20,DEACTIVATED,2026-07-03 09:00,Active sweep 2026-07-03 09:00: win-rate<30% & realized PnL<0. Deactivate.
nasdaq_cost_gru_nn__ps_v6,NASDAQ,gru_nn__ps,COST,1,0,0.0,-5.20,DEACTIVATED,2026-07-03 09:00,Active sweep 2026-07-03 09:00: win-rate<30% & realized PnL<0. Deactivate.
nasdaq_cost_lstm_nn__ps_v3,NASDAQ,lstm_nn__ps,COST,1,0,0.0,-5.20,DEACTIVATED,2026-07-03 09:00,Active sweep 2026-07-03 09:00: win-rate<30% & realized PnL<0. Deactivate.
nasdaq_qcom_gru_nn__ps_v6,NASDAQ,gru_nn__ps,QCOM,1,0,0.0,-5.19,DEACTIVATED,2026-07-03 09:00,Active sweep 2026-07-03 09:00: win-rate<30% & realized PnL<0. Deactivate.
nasdaq_avgo_egarch__ps_v10,NASDAQ,egarch__ps,AVGO,1,0,0.0,-5.14,DEACTIVATED,2026-07-03 09:00,Active sweep 2026-07-03 09:00: win-rate<30% & realized PnL<0. Deactivate.
nasdaq_avgo_egarch__ps_v2,NASDAQ,egarch__ps,AVGO,1,0,0.0,-5.14,DEACTIVATED,2026-07-03 09:00,Active sweep 2026-07-03 09:00: win-rate<30% & realized PnL<0. Deactivate.
sp500_qqq_egarch__ps_v7,SP500,egarch__ps,QQQ,1,0,0.0,-4.96,DEACTIVATED,2026-07-03 09:00,Active sweep 2026-07-03 09:00: win-rate<30% & realized PnL<0. Deactivate.
sp500_qqq_egarch__ps_v5,SP500,egarch__ps,QQQ,1,0,0.0,-4.96,DEACTIVATED,2026-07-03 09:00,Active sweep 2026-07-03 09:00: win-rate<30% & realized PnL<0. Deactivate.
sp500_qqq_egarch__ps_v4,SP500,egarch__ps,QQQ,1,0,0.0,-4.96,DEACTIVATED,2026-07-03 09:00,Active sweep 2026-07-03 09:00: win-rate<30% & realized PnL<0. Deactivate.
nasdaq_intc_lstm_nn__ps_v6,NASDAQ,lstm_nn__ps,INTC,1,0,0.0,-4.96,DEACTIVATED,2026-07-03 09:00,Active sweep 2026-07-03 09:00: win-rate<30% & realized PnL<0. Deactivate.
sp500_qqq_egarch__ps_v2,SP500,egarch__ps,QQQ,1,0,0.0,-4.96,DEACTIVATED,2026-07-03 09:00,Active sweep 2026-07-03 09:00: win-rate<30% & realized PnL<0. Deactivate.
sp500_qqq_egarch__ps_v10,SP500,egarch__ps,QQQ,1,0,0.0,-4.96,DEACTIVATED,2026-07-03 09:00,Active sweep 2026-07-03 09:00: win-rate<30% & realized PnL<0. Deactivate.
sp500_qqq_egarch__ps,SP500,egarch__ps,QQQ,1,0,0.0,-4.96,DEACTIVATED,2026-07-03 09:00,Active sweep 2026-07-03 09:00: win-rate<30% & realized PnL<0. Deactivate.
sp500_qqq_egarch__ps_v8,SP500,egarch__ps,QQQ,1,0,0.0,-4.96,DEACTIVATED,2026-07-03 09:00,Active sweep 2026-07-03 09:00: win-rate<30% & realized PnL<0. Deactivate.
nasdaq_cost_lightgbm__ps_v9,NASDAQ,lightgbm__ps,COST,4,0,0.0,-4.87,DEACTIVATED,2026-07-03 09:00,Active sweep 2026-07-03 09:00: win-rate<30% & realized PnL<0. Deactivate.
nasdaq_cost_random_forest__ps_v3,NASDAQ,random_forest__ps,COST,1,0,0.0,-4.85,DEACTIVATED,2026-07-03 09:00,Active sweep 2026-07-03 09:00: win-rate<30% & realized PnL<0. Deactivate.
nasdaq_adbe_lstm_nn__ps_v3,NASDAQ,lstm_nn__ps,ADBE,1,0,0.0,-4.85,DEACTIVATED,2026-07-03 09:00,Active sweep 2026-07-03 09:00: win-rate<30% & realized PnL<0. Deactivate.
nasdaq_adbe_ensemble__ps_v6,NASDAQ,ensemble__ps,ADBE,1,0,0.0,-4.85,DEACTIVATED,2026-07-03 09:00,Active sweep 2026-07-03 09:00: win-rate<30% & realized PnL<0. Deactivate.
nasdaq_adbe_ensemble__ps_v3,NASDAQ,ensemble__ps,ADBE,1,0,0.0,-4.85,DEACTIVATED,2026-07-03 09:00,Active sweep 2026-07-03 09:00: win-rate<30% & realized PnL<0. Deactivate.
nasdaq_xgboost_v2,NASDAQ,xgboost,"",1,0,0.0,-4.78,DEACTIVATED,2026-07-03 09:00,Active sweep 2026-07-03 09:00: win-rate<30% & realized PnL<0. Deactivate.
sp500_qqq_egarch__ps_v3,SP500,egarch__ps,QQQ,1,0,0.0,-4.64,DEACTIVATED,2026-07-03 09:00,Active sweep 2026-07-03 09:00: win-rate<30% & realized PnL<0. Deactivate.
sp500_qqq_egarch__ps_v6,SP500,egarch__ps,QQQ,1,0,0.0,-4.64,DEACTIVATED,2026-07-03 09:00,Active sweep 2026-07-03 09:00: win-rate<30% & realized PnL<0. Deactivate.
nasdaq_moving_average_v11,NASDAQ,moving_average,"",1,0,0.0,-4.57,DEACTIVATED,2026-07-03 09:00,Active sweep 2026-07-03 09:00: win-rate<30% & realized PnL<0. Deactivate.
nasdaq_ema_v11,NASDAQ,ema,"",1,0,0.0,-4.57,DEACTIVATED,2026-07-03 09:00,Active sweep 2026-07-03 09:00: win-rate<30% & realized PnL<0. Deactivate.
sp500_qqq_lightgbm__ps_v6,SP500,lightgbm__ps,QQQ,1,0,0.0,-4.56,DEACTIVATED,2026-07-03 09:00,Active sweep 2026-07-03 09:00: win-rate<30% & realized PnL<0. Deactivate.
nasdaq_nvda_lstm_nn__ps_v6,NASDAQ,lstm_nn__ps,NVDA,1,0,0.0,-4.51,DEACTIVATED,2026-07-03 09:00,Active sweep 2026-07-03 09:00: win-rate<30% & realized PnL<0. Deactivate.
nasdaq_nvda_arima_garch__ps_v3,NASDAQ,arima_garch__ps,NVDA,9,0,0.0,-4.45,DEACTIVATED,2026-07-03 09:00,Active sweep 2026-07-03 09:00: win-rate<30% & realized PnL<0. Deactivate.
nasdaq_csco_egarch__ps_v3,NASDAQ,egarch__ps,CSCO,22,5,22.7,-4.28,DEACTIVATED,2026-07-03 09:00,Active sweep 2026-07-03 09:00: win-rate<30% & realized PnL<0. Deactivate.
nasdaq_csco_egarch__ps_v9,NASDAQ,egarch__ps,CSCO,22,5,22.7,-4.28,DEACTIVATED,2026-07-03 09:00,Active sweep 2026-07-03 09:00: win-rate<30% & realized PnL<0. Deactivate.
nasdaq_egarch_v10,NASDAQ,egarch,"",2,0,0.0,-4.28,DEACTIVATED,2026-07-03 09:00,Active sweep 2026-07-03 09:00: win-rate<30% & realized PnL<0. Deactivate.
nasdaq_amzn_lightgbm__ps_v9,NASDAQ,lightgbm__ps,AMZN,1,0,0.0,-4.26,DEACTIVATED,2026-07-03 09:00,Active sweep 2026-07-03 09:00: win-rate<30% & realized PnL<0. Deactivate.
nasdaq_amzn_arima_garch__ps_v9,NASDAQ,arima_garch__ps,AMZN,1,0,0.0,-4.26,DEACTIVATED,2026-07-03 09:00,Active sweep 2026-07-03 09:00: win-rate<30% & realized PnL<0. Deactivate.
nasdaq_amzn_random_forest__ps_v9,NASDAQ,random_forest__ps,AMZN,1,0,0.0,-4.26,DEACTIVATED,2026-07-03 09:00,Active sweep 2026-07-03 09:00: win-rate<30% & realized PnL<0. Deactivate.
nasdaq_csco_egarch__ps_v4,NASDAQ,egarch__ps,CSCO,10,1,10.0,-4.20,DEACTIVATED,2026-07-03 09:00,Active sweep 2026-07-03 09:00: win-rate<30% & realized PnL<0. Deactivate.
nasdaq_csco_egarch__ps_v6,NASDAQ,egarch__ps,CSCO,10,1,10.0,-4.20,DEACTIVATED,2026-07-03 09:00,Active sweep 2026-07-03 09:00: win-rate<30% & realized PnL<0. Deactivate.
nasdaq_csco_egarch__ps,NASDAQ,egarch__ps,CSCO,10,1,10.0,-4.20,DEACTIVATED,2026-07-03 09:00,Active sweep 2026-07-03 09:00: win-rate<30% & realized PnL<0. Deactivate.
nasdaq_csco_egarch__ps_v7,NASDAQ,egarch__ps,CSCO,10,1,10.0,-4.20,DEACTIVATED,2026-07-03 09:00,Active sweep 2026-07-03 09:00: win-rate<30% & realized PnL<0. Deactivate.
sp500_gru_nn_v4,SP500,gru_nn,"",18,4,22.2,-4.12,DEACTIVATED,2026-07-03 09:00,Active sweep 2026-07-03 09:00: win-rate<30% & realized PnL<0. Deactivate.
nasdaq_avgo_egarch__ps_v4,NASDAQ,egarch__ps,AVGO,1,0,0.0,-3.97,DEACTIVATED,2026-07-03 09:00,Active sweep 2026-07-03 09:00: win-rate<30% & realized PnL<0. Deactivate.
nasdaq_csco_sarima__ps_v8,NASDAQ,sarima__ps,CSCO,14,3,21.4,-3.73,DEACTIVATED,2026-07-03 09:00,Active sweep 2026-07-03 09:00: win-rate<30% & realized PnL<0. Deactivate.
nasdaq_nvda_sarima__ps_v9,NASDAQ,sarima__ps,NVDA,5,0,0.0,-3.71,DEACTIVATED,2026-07-03 09:00,Active sweep 2026-07-03 09:00: win-rate<30% & realized PnL<0. Deactivate.
nasdaq_nvda_sarima__ps_v3,NASDAQ,sarima__ps,NVDA,5,0,0.0,-3.71,DEACTIVATED,2026-07-03 09:00,Active sweep 2026-07-03 09:00: win-rate<30% & realized PnL<0. Deactivate.
sp500_jnj_random_forest__ps_v9,SP500,random_forest__ps,JNJ,1,0,0.0,-3.66,DEACTIVATED,2026-07-03 09:00,Active sweep 2026-07-03 09:00: win-rate<30% & realized PnL<0. Deactivate.
sp500_qqq_lstm_nn__ps_v8,SP500,lstm_nn__ps,QQQ,4,1,25.0,-3.64,DEACTIVATED,2026-07-03 09:00,Active sweep 2026-07-03 09:00: win-rate<30% & realized PnL<0. Deactivate.
sp500_qqq_lstm_nn__ps_v2,SP500,lstm_nn__ps,QQQ,4,1,25.0,-3.64,DEACTIVATED,2026-07-03 09:00,Active sweep 2026-07-03 09:00: win-rate<30% & realized PnL<0. Deactivate.
sp500_qqq_lstm_nn__ps_v10,SP500,lstm_nn__ps,QQQ,4,1,25.0,-3.64,DEACTIVATED,2026-07-03 09:00,Active sweep 2026-07-03 09:00: win-rate<30% & realized PnL<0. Deactivate.
sp500_qqq_lstm_nn__ps_v5,SP500,lstm_nn__ps,QQQ,8,1,12.5,-3.64,DEACTIVATED,2026-07-03 09:00,Active sweep 2026-07-03 09:00: win-rate<30% & realized PnL<0. Deactivate.
nasdaq_adbe_ensemble__ps_v9,NASDAQ,ensemble__ps,ADBE,1,0,0.0,-3.51,DEACTIVATED,2026-07-03 09:00,Active sweep 2026-07-03 09:00: win-rate<30% & realized PnL<0. Deactivate.
nasdaq_adbe_lstm_nn__ps_v9,NASDAQ,lstm_nn__ps,ADBE,1,0,0.0,-3.51,DEACTIVATED,2026-07-03 09:00,Active sweep 2026-07-03 09:00: win-rate<30% & realized PnL<0. Deactivate.
sp500_qqq_sarima__ps_v9,SP500,sarima__ps,QQQ,1,0,0.0,-3.51,DEACTIVATED,2026-07-03 09:00,Active sweep 2026-07-03 09:00: win-rate<30% & realized PnL<0. Deactivate.
sp500_pg_ensemble__ps_v9,SP500,ensemble__ps,PG,1,0,0.0,-3.49,DEACTIVATED,2026-07-03 09:00,Active sweep 2026-07-03 09:00: win-rate<30% & realized PnL<0. Deactivate.
nasdaq_qcom_arima_garch__ps_v2,NASDAQ,arima_garch__ps,QCOM,19,3,15.8,-3.47,DEACTIVATED,2026-07-03 09:00,Active sweep 2026-07-03 09:00: win-rate<30% & realized PnL<0. Deactivate.
nasdaq_csco_arima_garch__ps_v6,NASDAQ,arima_garch__ps,CSCO,6,0,0.0,-3.46,DEACTIVATED,2026-07-03 09:00,Active sweep 2026-07-03 09:00: win-rate<30% & realized PnL<0. Deactivate.
nasdaq_csco_arima_garch__ps_v7,NASDAQ,arima_garch__ps,CSCO,6,0,0.0,-3.46,DEACTIVATED,2026-07-03 09:00,Active sweep 2026-07-03 09:00: win-rate<30% & realized PnL<0. Deactivate.
nasdaq_csco_arima_garch__ps_v4,NASDAQ,arima_garch__ps,CSCO,6,0,0.0,-3.46,DEACTIVATED,2026-07-03 09:00,Active sweep 2026-07-03 09:00: win-rate<30% & realized PnL<0. Deactivate.
nasdaq_csco_arima_garch__ps,NASDAQ,arima_garch__ps,CSCO,6,0,0.0,-3.46,DEACTIVATED,2026-07-03 09:00,Active sweep 2026-07-03 09:00: win-rate<30% & realized PnL<0. Deactivate.
nasdaq_cost_random_forest__ps_v9,NASDAQ,random_forest__ps,COST,1,0,0.0,-3.41,DEACTIVATED,2026-07-03 09:00,Active sweep 2026-07-03 09:00: win-rate<30% & realized PnL<0. Deactivate.
nasdaq_cost_xgboost__ps_v9,NASDAQ,xgboost__ps,COST,1,0,0.0,-3.30,DEACTIVATED,2026-07-03 09:00,Active sweep 2026-07-03 09:00: win-rate<30% & realized PnL<0. Deactivate.
nasdaq_msft_ensemble__ps_v9,NASDAQ,ensemble__ps,MSFT,1,0,0.0,-3.28,DEACTIVATED,2026-07-03 09:00,Active sweep 2026-07-03 09:00: win-rate<30% & realized PnL<0. Deactivate.
nasdaq_msft_lstm_nn__ps_v9,NASDAQ,lstm_nn__ps,MSFT,1,0,0.0,-3.28,DEACTIVATED,2026-07-03 09:00,Active sweep 2026-07-03 09:00: win-rate<30% & realized PnL<0. Deactivate.
sp500_qqq_egarch__ps_v9,SP500,egarch__ps,QQQ,1,0,0.0,-3.26,DEACTIVATED,2026-07-03 09:00,Active sweep 2026-07-03 09:00: win-rate<30% & realized PnL<0. Deactivate.
sp500_moving_average_v7,SP500,moving_average,"",1,0,0.0,-3.21,DEACTIVATED,2026-07-03 09:00,Active sweep 2026-07-03 09:00: win-rate<30% & realized PnL<0. Deactivate.
sp500_moving_average,SP500,moving_average,"",1,0,0.0,-3.21,DEACTIVATED,2026-07-03 09:00,Active sweep 2026-07-03 09:00: win-rate<30% & realized PnL<0. Deactivate.
sp500_cvx_lstm_nn__ps_v9,SP500,lstm_nn__ps,CVX,1,0,0.0,-3.14,DEACTIVATED,2026-07-03 09:00,Active sweep 2026-07-03 09:00: win-rate<30% & realized PnL<0. Deactivate.
sp500_cvx_ensemble__ps_v9,SP500,ensemble__ps,CVX,1,0,0.0,-3.14,DEACTIVATED,2026-07-03 09:00,Active sweep 2026-07-03 09:00: win-rate<30% & realized PnL<0. Deactivate.
sp500_cvx_lightgbm__ps_v9,SP500,lightgbm__ps,CVX,1,0,0.0,-3.14,DEACTIVATED,2026-07-03 09:00,Active sweep 2026-07-03 09:00: win-rate<30% & realized PnL<0. Deactivate.
sp500_cvx_gru_nn__ps_v9,SP500,gru_nn__ps,CVX,1,0,0.0,-3.14,DEACTIVATED,2026-07-03 09:00,Active sweep 2026-07-03 09:00: win-rate<30% & realized PnL<0. Deactivate.
nasdaq_random_forest_v8,NASDAQ,random_forest,"",12,3,25.0,-3.13,DEACTIVATED,2026-07-03 09:00,Active sweep 2026-07-03 09:00: win-rate<30% & realized PnL<0. Deactivate.
gold_gru_nn_v3,GOLD,gru_nn,"",50,9,18.0,-3.11,DEACTIVATED,2026-07-03 09:00,Active sweep 2026-07-03 09:00: win-rate<30% & realized PnL<0. Deactivate.
sp500_qqq_xgboost__ps_v9,SP500,xgboost__ps,QQQ,1,0,0.0,-3.10,DEACTIVATED,2026-07-03 09:00,Active sweep 2026-07-03 09:00: win-rate<30% & realized PnL<0. Deactivate.
sp500_pfe_ensemble__ps_v9,SP500,ensemble__ps,PFE,1,0,0.0,-3.05,DEACTIVATED,2026-07-03 09:00,Active sweep 2026-07-03 09:00: win-rate<30% & realized PnL<0. Deactivate.
sp500_ko_ema__ps_v9,SP500,ema__ps,KO,1,0,0.0,-3.05,DEACTIVATED,2026-07-03 09:00,Active sweep 2026-07-03 09:00: win-rate<30% & realized PnL<0. Deactivate.
sp500_wmt_ensemble__ps_v9,SP500,ensemble__ps,WMT,1,0,0.0,-3.04,DEACTIVATED,2026-07-03 09:00,Active sweep 2026-07-03 09:00: win-rate<30% & realized PnL<0. Deactivate.
sp500_pfe_lstm_nn__ps_v9,SP500,lstm_nn__ps,PFE,1,0,0.0,-3.03,DEACTIVATED,2026-07-03 09:00,Active sweep 2026-07-03 09:00: win-rate<30% & realized PnL<0. Deactivate.
crypto_xgboost_v12,CRYPTO,xgboost,"",32,2,6.3,-3.02,DEACTIVATED,2026-07-03 09:00,Active sweep 2026-07-03 09:00: win-rate<30% & realized PnL<0. Deactivate.
crypto_xgboost_v11,CRYPTO,xgboost,"",32,2,6.3,-3.02,DEACTIVATED,2026-07-03 09:00,Active sweep 2026-07-03 09:00: win-rate<30% & realized PnL<0. Deactivate.
nasdaq_googl_ema__ps_v9,NASDAQ,ema__ps,GOOGL,1,0,0.0,-3.00,DEACTIVATED,2026-07-03 09:00,Active sweep 2026-07-03 09:00: win-rate<30% & realized PnL<0. Deactivate.
sp500_ko_moving_average__ps_v7,SP500,moving_average__ps,KO,1,0,0.0,-2.81,DEACTIVATED,2026-07-03 09:00,Active sweep 2026-07-03 09:00: win-rate<30% & realized PnL<0. Deactivate.
sp500_ko_moving_average__ps,SP500,moving_average__ps,KO,1,0,0.0,-2.81,DEACTIVATED,2026-07-03 09:00,Active sweep 2026-07-03 09:00: win-rate<30% & realized PnL<0. Deactivate.
sp500_ko_moving_average__ps_v3,SP500,moving_average__ps,KO,2,0,0.0,-2.81,DEACTIVATED,2026-07-03 09:00,Active sweep 2026-07-03 09:00: win-rate<30% & realized PnL<0. Deactivate.
sp500_ko_moving_average__ps_v6,SP500,moving_average__ps,KO,1,0,0.0,-2.81,DEACTIVATED,2026-07-03 09:00,Active sweep 2026-07-03 09:00: win-rate<30% & realized PnL<0. Deactivate.
nasdaq_intc_ema__ps_v3,NASDAQ,ema__ps,INTC,7,1,14.3,-2.68,DEACTIVATED,2026-07-03 09:00,Active sweep 2026-07-03 09:00: win-rate<30% & realized PnL<0. Deactivate.
nasdaq_amzn_egarch__ps_v3,NASDAQ,egarch__ps,AMZN,1,0,0.0,-2.66,DEACTIVATED,2026-07-03 09:00,Active sweep 2026-07-03 09:00: win-rate<30% & realized PnL<0. Deactivate.
nasdaq_arima_garch_v2,NASDAQ,arima_garch,"",43,10,23.3,-2.63,DEACTIVATED,2026-07-03 09:00,Active sweep 2026-07-03 09:00: win-rate<30% & realized PnL<0. Deactivate.
nasdaq_nvda_arima_garch__ps_v9,NASDAQ,arima_garch__ps,NVDA,9,1,11.1,-2.62,DEACTIVATED,2026-07-03 09:00,Active sweep 2026-07-03 09:00: win-rate<30% & realized PnL<0. Deactivate.
nasdaq_csco_egarch__ps_v8,NASDAQ,egarch__ps,CSCO,2,0,0.0,-2.56,DEACTIVATED,2026-07-03 09:00,Active sweep 2026-07-03 09:00: win-rate<30% & realized PnL<0. Deactivate.
nasdaq_csco_egarch__ps_v2,NASDAQ,egarch__ps,CSCO,2,0,0.0,-2.56,DEACTIVATED,2026-07-03 09:00,Active sweep 2026-07-03 09:00: win-rate<30% & realized PnL<0. Deactivate.
nasdaq_avgo_arima_garch__ps_v9,NASDAQ,arima_garch__ps,AVGO,7,1,14.3,-2.38,DEACTIVATED,2026-07-03 09:00,Active sweep 2026-07-03 09:00: win-rate<30% & realized PnL<0. Deactivate.
sp500_qqq_gru_nn__ps_v8,SP500,gru_nn__ps,QQQ,5,1,20.0,-2.38,DEACTIVATED,2026-07-03 09:00,Active sweep 2026-07-03 09:00: win-rate<30% & realized PnL<0. Deactivate.
sp500_qqq_gru_nn__ps_v4,SP500,gru_nn__ps,QQQ,1,0,0.0,-2.37,DEACTIVATED,2026-07-03 09:00,Active sweep 2026-07-03 09:00: win-rate<30% & realized PnL<0. Deactivate.
sp500_transformer_nn_v9,SP500,transformer_nn,"",2,0,0.0,-2.35,DEACTIVATED,2026-07-03 09:00,Active sweep 2026-07-03 09:00: win-rate<30% & realized PnL<0. Deactivate.
sp500_unh_random_forest__ps_v9,SP500,random_forest__ps,UNH,1,0,0.0,-2.19,DEACTIVATED,2026-07-03 09:00,Active sweep 2026-07-03 09:00: win-rate<30% & realized PnL<0. Deactivate.
nasdaq_csco_egarch__ps_v10,NASDAQ,egarch__ps,CSCO,1,0,0.0,-2.12,DEACTIVATED,2026-07-03 09:00,Active sweep 2026-07-03 09:00: win-rate<30% & realized PnL<0. Deactivate.
crypto_lightgbm_v7,CRYPTO,lightgbm,"",45,12,26.7,-2.12,DEACTIVATED,2026-07-03 09:00,Active sweep 2026-07-03 09:00: win-rate<30% & realized PnL<0. Deactivate.
nasdaq_csco_egarch__ps_v5,NASDAQ,egarch__ps,CSCO,1,0,0.0,-2.12,DEACTIVATED,2026-07-03 09:00,Active sweep 2026-07-03 09:00: win-rate<30% & realized PnL<0. Deactivate.
sp500_transformer_nn_v10,SP500,transformer_nn,"",1,0,0.0,-1.96,DEACTIVATED,2026-07-03 09:00,Active sweep 2026-07-03 09:00: win-rate<30% & realized PnL<0. Deactivate.
nasdaq_avgo_arima_garch__ps_v3,NASDAQ,arima_garch__ps,AVGO,6,1,16.7,-1.84,DEACTIVATED,2026-07-03 09:00,Active sweep 2026-07-03 09:00: win-rate<30% & realized PnL<0. Deactivate.
crypto_gru_nn_v4,CRYPTO,gru_nn,"",15,4,26.7,-1.82,DEACTIVATED,2026-07-03 09:00,Active sweep 2026-07-03 09:00: win-rate<30% & realized PnL<0. Deactivate.
nasdaq_amd_gru_nn__ps_v2,NASDAQ,gru_nn__ps,AMD,2,0,0.0,-1.82,DEACTIVATED,2026-07-03 09:00,Active sweep 2026-07-03 09:00: win-rate<30% & realized PnL<0. Deactivate.
gold_xau_spot_random_forest__ps_v3,GOLD,random_forest__ps,XAU_spot,1,0,0.0,-1.67,DEACTIVATED,2026-07-03 09:00,Active sweep 2026-07-03 09:00: win-rate<30% & realized PnL<0. Deactivate.
gold_xau_spot_random_forest__ps_v9,GOLD,random_forest__ps,XAU_spot,1,0,0.0,-1.67,DEACTIVATED,2026-07-03 09:00,Active sweep 2026-07-03 09:00: win-rate<30% & realized PnL<0. Deactivate.
gold_lstm_nn_v9,GOLD,lstm_nn,"",33,3,9.1,-1.65,DEACTIVATED,2026-07-03 09:00,Active sweep 2026-07-03 09:00: win-rate<30% & realized PnL<0. Deactivate.
sp500_unh_xgboost__ps_v9,SP500,xgboost__ps,UNH,2,0,0.0,-1.52,DEACTIVATED,2026-07-03 09:00,Active sweep 2026-07-03 09:00: win-rate<30% & realized PnL<0. Deactivate.
nasdaq_arima_garch_v8,NASDAQ,arima_garch,"",68,18,26.5,-1.50,DEACTIVATED,2026-07-03 09:00,Active sweep 2026-07-03 09:00: win-rate<30% & realized PnL<0. Deactivate.
nasdaq_cost_lightgbm__ps_v6,NASDAQ,lightgbm__ps,COST,3,0,0.0,-1.48,DEACTIVATED,2026-07-03 09:00,Active sweep 2026-07-03 09:00: win-rate<30% & realized PnL<0. Deactivate.
nasdaq_cost_lightgbm__ps_v7,NASDAQ,lightgbm__ps,COST,3,0,0.0,-1.48,DEACTIVATED,2026-07-03 09:00,Active sweep 2026-07-03 09:00: win-rate<30% & realized PnL<0. Deactivate.
nasdaq_cost_lightgbm__ps_v3,NASDAQ,lightgbm__ps,COST,3,0,0.0,-1.48,DEACTIVATED,2026-07-03 09:00,Active sweep 2026-07-03 09:00: win-rate<30% & realized PnL<0. Deactivate.
nasdaq_cost_lightgbm__ps,NASDAQ,lightgbm__ps,COST,3,0,0.0,-1.48,DEACTIVATED,2026-07-03 09:00,Active sweep 2026-07-03 09:00: win-rate<30% & realized PnL<0. Deactivate.
sp500_qqq_gru_nn__ps_v3,SP500,gru_nn__ps,QQQ,5,0,0.0,-1.31,DEACTIVATED,2026-07-03 09:00,Active sweep 2026-07-03 09:00: win-rate<30% & realized PnL<0. Deactivate.
sp500_qqq_gru_nn__ps_v9,SP500,gru_nn__ps,QQQ,5,0,0.0,-1.31,DEACTIVATED,2026-07-03 09:00,Active sweep 2026-07-03 09:00: win-rate<30% & realized PnL<0. Deactivate.
sp500_qqq_gru_nn__ps_v6,SP500,gru_nn__ps,QQQ,5,0,0.0,-1.31,DEACTIVATED,2026-07-03 09:00,Active sweep 2026-07-03 09:00: win-rate<30% & realized PnL<0. Deactivate.
sp500_qqq_gru_nn__ps_v7,SP500,gru_nn__ps,QQQ,5,0,0.0,-1.31,DEACTIVATED,2026-07-03 09:00,Active sweep 2026-07-03 09:00: win-rate<30% & realized PnL<0. Deactivate.
sp500_qqq_gru_nn__ps,SP500,gru_nn__ps,QQQ,5,0,0.0,-1.31,DEACTIVATED,2026-07-03 09:00,Active sweep 2026-07-03 09:00: win-rate<30% & realized PnL<0. Deactivate.
sp500_xgboost_v12,SP500,xgboost,"",8,1,12.5,-1.29,DEACTIVATED,2026-07-03 09:00,Active sweep 2026-07-03 09:00: win-rate<30% & realized PnL<0. Deactivate.
sp500_xgboost_v11,SP500,xgboost,"",8,1,12.5,-1.29,DEACTIVATED,2026-07-03 09:00,Active sweep 2026-07-03 09:00: win-rate<30% & realized PnL<0. Deactivate.
crypto_random_forest_v9,CRYPTO,random_forest,"",34,8,23.5,-1.28,DEACTIVATED,2026-07-03 09:00,Active sweep 2026-07-03 09:00: win-rate<30% & realized PnL<0. Deactivate.
nasdaq_nvda_egarch__ps_v9,NASDAQ,egarch__ps,NVDA,1,0,0.0,-1.23,DEACTIVATED,2026-07-03 09:00,Active sweep 2026-07-03 09:00: win-rate<30% & realized PnL<0. Deactivate.
sp500_moving_average_v9,SP500,moving_average,"",7,1,14.3,-1.20,DEACTIVATED,2026-07-03 09:00,Active sweep 2026-07-03 09:00: win-rate<30% & realized PnL<0. Deactivate.
sp500_unh_egarch__ps,SP500,egarch__ps,UNH,1,0,0.0,-1.17,DEACTIVATED,2026-07-03 09:00,Active sweep 2026-07-03 09:00: win-rate<30% & realized PnL<0. Deactivate.
sp500_unh_egarch__ps_v4,SP500,egarch__ps,UNH,1,0,0.0,-1.17,DEACTIVATED,2026-07-03 09:00,Active sweep 2026-07-03 09:00: win-rate<30% & realized PnL<0. Deactivate.
sp500_unh_egarch__ps_v7,SP500,egarch__ps,UNH,1,0,0.0,-1.17,DEACTIVATED,2026-07-03 09:00,Active sweep 2026-07-03 09:00: win-rate<30% & realized PnL<0. Deactivate.
sp500_unh_egarch__ps_v6,SP500,egarch__ps,UNH,1,0,0.0,-1.17,DEACTIVATED,2026-07-03 09:00,Active sweep 2026-07-03 09:00: win-rate<30% & realized PnL<0. Deactivate.
sp500_transformer_nn_v8,SP500,transformer_nn,"",2,0,0.0,-1.15,DEACTIVATED,2026-07-03 09:00,Active sweep 2026-07-03 09:00: win-rate<30% & realized PnL<0. Deactivate.
nasdaq_tsla_gru_nn__ps_v8,NASDAQ,gru_nn__ps,TSLA,1,0,0.0,-1.15,DEACTIVATED,2026-07-03 09:00,Active sweep 2026-07-03 09:00: win-rate<30% & realized PnL<0. Deactivate.
nasdaq_tsla_gru_nn__ps,NASDAQ,gru_nn__ps,TSLA,1,0,0.0,-1.15,DEACTIVATED,2026-07-03 09:00,Active sweep 2026-07-03 09:00: win-rate<30% & realized PnL<0. Deactivate.
nasdaq_tsla_gru_nn__ps_v9,NASDAQ,gru_nn__ps,TSLA,1,0,0.0,-1.15,DEACTIVATED,2026-07-03 09:00,Active sweep 2026-07-03 09:00: win-rate<30% & realized PnL<0. Deactivate.
nasdaq_tsla_gru_nn__ps_v7,NASDAQ,gru_nn__ps,TSLA,1,0,0.0,-1.15,DEACTIVATED,2026-07-03 09:00,Active sweep 2026-07-03 09:00: win-rate<30% & realized PnL<0. Deactivate.
nasdaq_tsla_gru_nn__ps_v6,NASDAQ,gru_nn__ps,TSLA,1,0,0.0,-1.15,DEACTIVATED,2026-07-03 09:00,Active sweep 2026-07-03 09:00: win-rate<30% & realized PnL<0. Deactivate.
nasdaq_tsla_gru_nn__ps_v3,NASDAQ,gru_nn__ps,TSLA,1,0,0.0,-1.15,DEACTIVATED,2026-07-03 09:00,Active sweep 2026-07-03 09:00: win-rate<30% & realized PnL<0. Deactivate.
gold_gru_nn_v6,GOLD,gru_nn,"",50,10,20.0,-1.10,DEACTIVATED,2026-07-03 09:00,Active sweep 2026-07-03 09:00: win-rate<30% & realized PnL<0. Deactivate.
crypto_eth_moving_average__ps_v9,CRYPTO,moving_average__ps,ETH,2,0,0.0,-1.09,DEACTIVATED,2026-07-03 09:00,Active sweep 2026-07-03 09:00: win-rate<30% & realized PnL<0. Deactivate.
sp500_unh_lightgbm__ps_v3,SP500,lightgbm__ps,UNH,3,0,0.0,-1.08,DEACTIVATED,2026-07-03 09:00,Active sweep 2026-07-03 09:00: win-rate<30% & realized PnL<0. Deactivate.
sp500_unh_lightgbm__ps,SP500,lightgbm__ps,UNH,3,0,0.0,-1.08,DEACTIVATED,2026-07-03 09:00,Active sweep 2026-07-03 09:00: win-rate<30% & realized PnL<0. Deactivate.
sp500_unh_lightgbm__ps_v6,SP500,lightgbm__ps,UNH,3,0,0.0,-1.08,DEACTIVATED,2026-07-03 09:00,Active sweep 2026-07-03 09:00: win-rate<30% & realized PnL<0. Deactivate.
sp500_unh_lightgbm__ps_v7,SP500,lightgbm__ps,UNH,3,0,0.0,-1.08,DEACTIVATED,2026-07-03 09:00,Active sweep 2026-07-03 09:00: win-rate<30% & realized PnL<0. Deactivate.
nasdaq_qcom_arima_garch__ps_v10,NASDAQ,arima_garch__ps,QCOM,1,0,0.0,-1.07,DEACTIVATED,2026-07-03 09:00,Active sweep 2026-07-03 09:00: win-rate<30% & realized PnL<0. Deactivate.
sp500_egarch_v11,SP500,egarch,"",19,1,5.3,-1.02,DEACTIVATED,2026-07-03 09:00,Active sweep 2026-07-03 09:00: win-rate<30% & realized PnL<0. Deactivate.
sp500_egarch_v12,SP500,egarch,"",19,1,5.3,-1.02,DEACTIVATED,2026-07-03 09:00,Active sweep 2026-07-03 09:00: win-rate<30% & realized PnL<0. Deactivate.
sp500_transformer_nn_v6,SP500,transformer_nn,"",2,0,0.0,-0.88,DEACTIVATED,2026-07-03 09:00,Active sweep 2026-07-03 09:00: win-rate<30% & realized PnL<0. Deactivate.
nasdaq_tsla_egarch__ps_v4,NASDAQ,egarch__ps,TSLA,1,0,0.0,-0.80,DEACTIVATED,2026-07-03 09:00,Active sweep 2026-07-03 09:00: win-rate<30% & realized PnL<0. Deactivate.
nasdaq_tsla_egarch__ps_v2,NASDAQ,egarch__ps,TSLA,1,0,0.0,-0.80,DEACTIVATED,2026-07-03 09:00,Active sweep 2026-07-03 09:00: win-rate<30% & realized PnL<0. Deactivate.
nasdaq_xgboost_v7,NASDAQ,xgboost,"",14,4,28.6,-0.78,DEACTIVATED,2026-07-03 09:00,Active sweep 2026-07-03 09:00: win-rate<30% & realized PnL<0. Deactivate.
nasdaq_nvda_gru_nn__ps_v8,NASDAQ,gru_nn__ps,NVDA,2,0,0.0,-0.77,DEACTIVATED,2026-07-03 09:00,Active sweep 2026-07-03 09:00: win-rate<30% & realized PnL<0. Deactivate.
nasdaq_nvda_gru_nn__ps_v7,NASDAQ,gru_nn__ps,NVDA,2,0,0.0,-0.77,DEACTIVATED,2026-07-03 09:00,Active sweep 2026-07-03 09:00: win-rate<30% & realized PnL<0. Deactivate.
nasdaq_nvda_gru_nn__ps_v6,NASDAQ,gru_nn__ps,NVDA,2,0,0.0,-0.77,DEACTIVATED,2026-07-03 09:00,Active sweep 2026-07-03 09:00: win-rate<30% & realized PnL<0. Deactivate.
nasdaq_nvda_gru_nn__ps_v5,NASDAQ,gru_nn__ps,NVDA,2,0,0.0,-0.77,DEACTIVATED,2026-07-03 09:00,Active sweep 2026-07-03 09:00: win-rate<30% & realized PnL<0. Deactivate.
nasdaq_nvda_gru_nn__ps,NASDAQ,gru_nn__ps,NVDA,2,0,0.0,-0.77,DEACTIVATED,2026-07-03 09:00,Active sweep 2026-07-03 09:00: win-rate<30% & realized PnL<0. Deactivate.
crypto_eth_gru_nn__ps_v4,CRYPTO,gru_nn__ps,ETH,4,1,25.0,-0.76,DEACTIVATED,2026-07-03 09:00,Active sweep 2026-07-03 09:00: win-rate<30% & realized PnL<0. Deactivate.
sp500_qqq_lstm_nn__ps_v6,SP500,lstm_nn__ps,QQQ,14,2,14.3,-0.75,DEACTIVATED,2026-07-03 09:00,Active sweep 2026-07-03 09:00: win-rate<30% & realized PnL<0. Deactivate.
sp500_qqq_lstm_nn__ps,SP500,lstm_nn__ps,QQQ,14,2,14.3,-0.75,DEACTIVATED,2026-07-03 09:00,Active sweep 2026-07-03 09:00: win-rate<30% & realized PnL<0. Deactivate.
sp500_qqq_lstm_nn__ps_v7,SP500,lstm_nn__ps,QQQ,14,2,14.3,-0.75,DEACTIVATED,2026-07-03 09:00,Active sweep 2026-07-03 09:00: win-rate<30% & realized PnL<0. Deactivate.
nasdaq_nvda_egarch__ps_v3,NASDAQ,egarch__ps,NVDA,1,0,0.0,-0.68,DEACTIVATED,2026-07-03 09:00,Active sweep 2026-07-03 09:00: win-rate<30% & realized PnL<0. Deactivate.
sp500_qqq_meta_stack__ps,SP500,meta_stack__ps,QQQ,1,0,0.0,-0.63,DEACTIVATED,2026-07-03 09:00,Active sweep 2026-07-03 09:00: win-rate<30% & realized PnL<0. Deactivate.
sp500_spy_meta_stack__ps,SP500,meta_stack__ps,SPY,1,0,0.0,-0.45,DEACTIVATED,2026-07-03 09:00,Active sweep 2026-07-03 09:00: win-rate<30% & realized PnL<0. Deactivate.
sp500_qqq_lstm_nn__ps_v9,SP500,lstm_nn__ps,QQQ,15,2,13.3,-0.28,DEACTIVATED,2026-07-03 09:00,Active sweep 2026-07-03 09:00: win-rate<30% & realized PnL<0. Deactivate.
sp500_qqq_lstm_nn__ps_v3,SP500,lstm_nn__ps,QQQ,15,2,13.3,-0.28,DEACTIVATED,2026-07-03 09:00,Active sweep 2026-07-03 09:00: win-rate<30% & realized PnL<0. Deactivate.
sp500_ko_lstm_nn__ps_v5,SP500,lstm_nn__ps,KO,12,2,16.7,-0.26,DEACTIVATED,2026-07-03 09:00,Active sweep 2026-07-03 09:00: win-rate<30% & realized PnL<0. Deactivate.
sp500_ko_xgboost__ps_v9,SP500,xgboost__ps,KO,1,0,0.0,-0.20,DEACTIVATED,2026-07-03 09:00,Active sweep 2026-07-03 09:00: win-rate<30% & realized PnL<0. Deactivate.
sp500_ko_xgboost__ps_v3,SP500,xgboost__ps,KO,1,0,0.0,-0.20,DEACTIVATED,2026-07-03 09:00,Active sweep 2026-07-03 09:00: win-rate<30% & realized PnL<0. Deactivate.
nasdaq_coin_meta_stack__ps,NASDAQ,meta_stack__ps,COIN,1,0,0.0,-0.07,DEACTIVATED,2026-07-03 09:00,Active sweep 2026-07-03 09:00: win-rate<30% & realized PnL<0. Deactivate.
sp500_meta_meta_stack__ps,SP500,meta_stack__ps,META,1,0,0.0,-0.06,DEACTIVATED,2026-07-03 09:00,Active sweep 2026-07-03 09:00: win-rate<30% & realized PnL<0. Deactivate.
nasdaq_mrvl_meta_stack__ps,NASDAQ,meta_stack__ps,MRVL,1,0,0.0,-0.06,DEACTIVATED,2026-07-03 09:00,Active sweep 2026-07-03 09:00: win-rate<30% & realized PnL<0. Deactivate.
sp500_intc_meta_stack__ps,SP500,meta_stack__ps,INTC,1,0,0.0,-0.04,DEACTIVATED,2026-07-03 09:00,Active sweep 2026-07-03 09:00: win-rate<30% & realized PnL<0. Deactivate.
sp500_hd_meta_stack__ps,SP500,meta_stack__ps,HD,1,0,0.0,-0.01,DEACTIVATED,2026-07-03 09:00,Active sweep 2026-07-03 09:00: win-rate<30% & realized PnL<0. Deactivate.
