id,market,algorithm,sym,closed,wins,wr,pnl,bucket
nasdaq_rl_dqn,NASDAQ,rl_dqn,"",33,10,30.3,-205.87,A_WATCH_losing_bad_RR
nasdaq_egarch,NASDAQ,egarch,"",12,4,33.3,-38.43,A_WATCH_losing_bad_RR
nasdaq_ema_v7,NASDAQ,ema,"",6,2,33.3,-23.97,A_WATCH_losing_bad_RR
nasdaq_ema_v3,NASDAQ,ema,"",24,10,41.7,-21.18,A_WATCH_losing_bad_RR
nasdaq_arima_garch_v10,NASDAQ,arima_garch,"",13,5,38.5,-17.97,A_WATCH_losing_bad_RR
crypto_ensemble_v5,CRYPTO,ensemble,"",6,3,50.0,-17.72,A_WATCH_losing_bad_RR
nasdaq_ensemble_v12,NASDAQ,ensemble,"",13,5,38.5,-17.46,A_WATCH_losing_bad_RR
nasdaq_xgboost_v9,NASDAQ,xgboost,"",38,13,34.2,-16.18,A_WATCH_losing_bad_RR
nasdaq_ensemble_v11,NASDAQ,ensemble,"",9,3,33.3,-15.31,A_WATCH_losing_bad_RR
sp500_random_forest_v3,SP500,random_forest,"",32,11,34.4,-13.81,A_WATCH_losing_bad_RR
nasdaq_xgboost_v8,NASDAQ,xgboost,"",20,6,30.0,-13.44,A_WATCH_losing_bad_RR
crypto_ema_v6,CRYPTO,ema,"",7,3,42.9,-11.43,A_WATCH_losing_bad_RR
crypto_ema_v3,CRYPTO,ema,"",7,3,42.9,-11.43,A_WATCH_losing_bad_RR
gold_gru_nn_v4,GOLD,gru_nn,"",3,2,66.7,-10.54,A_WATCH_losing_bad_RR
nasdaq_egarch_v9,NASDAQ,egarch,"",47,19,40.4,-10.47,A_WATCH_losing_bad_RR
nasdaq_xgboost_v3,NASDAQ,xgboost,"",33,10,30.3,-10.37,A_WATCH_losing_bad_RR
crypto_moving_average_v7,CRYPTO,moving_average,"",2,1,50.0,-9.80,A_WATCH_losing_bad_RR
nasdaq_transformer_nn_v3,NASDAQ,transformer_nn,"",12,5,41.7,-9.54,A_WATCH_losing_bad_RR
nasdaq_intc_arima_garch__ps_v10,NASDAQ,arima_garch__ps,INTC,5,2,40.0,-9.42,A_WATCH_losing_bad_RR
nasdaq_intc_sarima__ps_v5,NASDAQ,sarima__ps,INTC,5,2,40.0,-9.42,A_WATCH_losing_bad_RR
crypto_lstm_nn_v8,CRYPTO,lstm_nn,"",4,3,75.0,-9.06,A_WATCH_losing_bad_RR
crypto_lstm_nn_v5,CRYPTO,lstm_nn,"",21,14,66.7,-8.71,A_WATCH_losing_bad_RR
nasdaq_ensemble_v2,NASDAQ,ensemble,"",22,7,31.8,-8.43,A_WATCH_losing_bad_RR
nasdaq_transformer_nn_v6,NASDAQ,transformer_nn,"",11,5,45.5,-8.39,A_WATCH_losing_bad_RR
nasdaq_meta_stack,NASDAQ,meta_stack,"",16,7,43.8,-8.12,A_WATCH_losing_bad_RR
sp500_lstm_nn_v4,SP500,lstm_nn,"",2,1,50.0,-8.00,A_WATCH_losing_bad_RR
crypto_sarima_v3,CRYPTO,sarima,"",2,1,50.0,-7.79,A_WATCH_losing_bad_RR
sp500_gru_nn_v5,SP500,gru_nn,"",11,4,36.4,-7.27,A_WATCH_losing_bad_RR
nasdaq_ensemble_v10,NASDAQ,ensemble,"",6,3,50.0,-7.19,A_WATCH_losing_bad_RR
sp500_gru_nn_v2,SP500,gru_nn,"",7,3,42.9,-7.14,A_WATCH_losing_bad_RR
nasdaq_transformer_nn_v7,NASDAQ,transformer_nn,"",7,4,57.1,-6.73,A_WATCH_losing_bad_RR
nasdaq_ema_v9,NASDAQ,ema,"",32,16,50.0,-6.64,A_WATCH_losing_bad_RR
nasdaq_transformer_nn_v12,NASDAQ,transformer_nn,"",9,5,55.6,-6.60,A_WATCH_losing_bad_RR
sp500_wmt_lstm_nn__ps_v9,SP500,lstm_nn__ps,WMT,3,1,33.3,-6.17,A_WATCH_losing_bad_RR
sp500_wmt_gru_nn__ps_v9,SP500,gru_nn__ps,WMT,3,1,33.3,-6.17,A_WATCH_losing_bad_RR
sp500_wmt_lightgbm__ps_v9,SP500,lightgbm__ps,WMT,3,1,33.3,-6.17,A_WATCH_losing_bad_RR
nasdaq_intc_ema__ps,NASDAQ,ema__ps,INTC,3,1,33.3,-5.81,A_WATCH_losing_bad_RR
crypto_moving_average_v3,CRYPTO,moving_average,"",5,2,40.0,-5.71,A_WATCH_losing_bad_RR
nasdaq_random_forest_v5,NASDAQ,random_forest,"",12,4,33.3,-5.49,A_WATCH_losing_bad_RR
crypto_moving_average,CRYPTO,moving_average,"",3,1,33.3,-5.39,A_WATCH_losing_bad_RR
nasdaq_xgboost_v12,NASDAQ,xgboost,"",6,2,33.3,-5.37,A_WATCH_losing_bad_RR
nasdaq_cost_egarch__ps_v9,NASDAQ,egarch__ps,COST,6,3,50.0,-5.14,A_WATCH_losing_bad_RR
nasdaq_xgboost_v11,NASDAQ,xgboost,"",6,3,50.0,-5.13,A_WATCH_losing_bad_RR
nasdaq_transformer_nn_v8,NASDAQ,transformer_nn,"",8,5,62.5,-5.07,A_WATCH_losing_bad_RR
crypto_moving_average_v6,CRYPTO,moving_average,"",4,2,50.0,-4.92,A_WATCH_losing_bad_RR
nasdaq_intc_meta_stack__ps,NASDAQ,meta_stack__ps,INTC,6,2,33.3,-4.77,A_WATCH_losing_bad_RR
nasdaq_transformer_nn_v11,NASDAQ,transformer_nn,"",8,5,62.5,-4.76,A_WATCH_losing_bad_RR
nasdaq_transformer_nn_v4,NASDAQ,transformer_nn,"",8,5,62.5,-4.76,A_WATCH_losing_bad_RR
sp500_lstm_nn_v3,SP500,lstm_nn,"",32,12,37.5,-4.69,A_WATCH_losing_bad_RR
nasdaq_avgo_egarch__ps_v8,NASDAQ,egarch__ps,AVGO,2,1,50.0,-4.26,A_WATCH_losing_bad_RR
nasdaq_avgo_egarch__ps_v5,NASDAQ,egarch__ps,AVGO,2,1,50.0,-4.26,A_WATCH_losing_bad_RR
nasdaq_tsla_ema__ps_v3,NASDAQ,ema__ps,TSLA,7,3,42.9,-4.20,A_WATCH_losing_bad_RR
nasdaq_intc_ema__ps_v6,NASDAQ,ema__ps,INTC,3,1,33.3,-4.01,A_WATCH_losing_bad_RR
nasdaq_cost_egarch__ps_v3,NASDAQ,egarch__ps,COST,5,3,60.0,-3.86,A_WATCH_losing_bad_RR
crypto_ema_v2,CRYPTO,ema,"",3,1,33.3,-3.76,A_WATCH_losing_bad_RR
nasdaq_transformer_nn_v2,NASDAQ,transformer_nn,"",8,5,62.5,-3.63,A_WATCH_losing_bad_RR
nasdaq_intc_egarch__ps_v8,NASDAQ,egarch__ps,INTC,3,1,33.3,-3.61,A_WATCH_losing_bad_RR
nasdaq_tsla_ema__ps_v9,NASDAQ,ema__ps,TSLA,9,4,44.4,-3.50,A_WATCH_losing_bad_RR
sp500_wmt_xgboost__ps_v9,SP500,xgboost__ps,WMT,2,1,50.0,-3.29,A_WATCH_losing_bad_RR
nasdaq_amzn_sarima__ps_v9,NASDAQ,sarima__ps,AMZN,6,4,66.7,-3.28,A_WATCH_losing_bad_RR
nasdaq_intc_ema__ps_v9,NASDAQ,ema__ps,INTC,10,3,30.0,-3.15,A_WATCH_losing_bad_RR
sp500_lstm_nn_v6,SP500,lstm_nn,"",30,10,33.3,-3.12,A_WATCH_losing_bad_RR
nasdaq_gru_nn_v9,NASDAQ,gru_nn,"",50,17,34.0,-2.83,A_WATCH_losing_bad_RR
gold_egarch_v6,GOLD,egarch,"",7,6,85.7,-2.81,A_WATCH_losing_bad_RR
nasdaq_adbe_gru_nn__ps_v6,NASDAQ,gru_nn__ps,ADBE,6,3,50.0,-2.73,A_WATCH_losing_bad_RR
nasdaq_adbe_gru_nn__ps_v3,NASDAQ,gru_nn__ps,ADBE,6,3,50.0,-2.73,A_WATCH_losing_bad_RR
nasdaq_amzn_egarch__ps_v9,NASDAQ,egarch__ps,AMZN,2,1,50.0,-2.56,A_WATCH_losing_bad_RR
sp500_ko_moving_average__ps_v9,SP500,moving_average__ps,KO,3,1,33.3,-2.54,A_WATCH_losing_bad_RR
sp500_egarch_v10,SP500,egarch,"",2,1,50.0,-2.53,A_WATCH_losing_bad_RR
nasdaq_qcom_gru_nn__ps_v9,NASDAQ,gru_nn__ps,QCOM,3,1,33.3,-2.50,A_WATCH_losing_bad_RR
nasdaq_qcom_ensemble__ps_v9,NASDAQ,ensemble__ps,QCOM,3,1,33.3,-2.50,A_WATCH_losing_bad_RR
nasdaq_qcom_lstm_nn__ps_v9,NASDAQ,lstm_nn__ps,QCOM,3,1,33.3,-2.50,A_WATCH_losing_bad_RR
nasdaq_intc_lightgbm__ps_v9,NASDAQ,lightgbm__ps,INTC,14,5,35.7,-2.35,A_WATCH_losing_bad_RR
nasdaq_msft_gru_nn__ps_v9,NASDAQ,gru_nn__ps,MSFT,3,1,33.3,-2.33,A_WATCH_losing_bad_RR
nasdaq_avgo_arima_garch__ps_v6,NASDAQ,arima_garch__ps,AVGO,2,1,50.0,-2.18,A_WATCH_losing_bad_RR
nasdaq_csco_meta_stack__ps,NASDAQ,meta_stack__ps,CSCO,3,1,33.3,-2.02,A_WATCH_losing_bad_RR
nasdaq_sarima_v11,NASDAQ,sarima,"",13,5,38.5,-1.93,A_WATCH_losing_bad_RR
nasdaq_nflx_arima_garch__ps_v7,NASDAQ,arima_garch__ps,NFLX,6,4,66.7,-1.89,A_WATCH_losing_bad_RR
nasdaq_nflx_arima_garch__ps,NASDAQ,arima_garch__ps,NFLX,6,4,66.7,-1.89,A_WATCH_losing_bad_RR
nasdaq_nflx_arima_garch__ps_v4,NASDAQ,arima_garch__ps,NFLX,6,4,66.7,-1.89,A_WATCH_losing_bad_RR
nasdaq_intc_egarch__ps,NASDAQ,egarch__ps,INTC,3,1,33.3,-1.88,A_WATCH_losing_bad_RR
nasdaq_intc_egarch__ps_v4,NASDAQ,egarch__ps,INTC,3,1,33.3,-1.88,A_WATCH_losing_bad_RR
nasdaq_intc_egarch__ps_v2,NASDAQ,egarch__ps,INTC,3,1,33.3,-1.85,A_WATCH_losing_bad_RR
sp500_xgboost_v3,SP500,xgboost,"",23,8,34.8,-1.80,A_WATCH_losing_bad_RR
nasdaq_csco_random_forest__ps_v9,NASDAQ,random_forest__ps,CSCO,3,1,33.3,-1.72,A_WATCH_losing_bad_RR
nasdaq_nflx_arima_garch__ps_v9,NASDAQ,arima_garch__ps,NFLX,8,5,62.5,-1.68,A_WATCH_losing_bad_RR
nasdaq_meta_ema__ps_v7,NASDAQ,ema__ps,META,3,1,33.3,-1.62,A_WATCH_losing_bad_RR
nasdaq_meta_sarima__ps_v7,NASDAQ,sarima__ps,META,3,1,33.3,-1.62,A_WATCH_losing_bad_RR
nasdaq_csco_xgboost__ps_v9,NASDAQ,xgboost__ps,CSCO,3,1,33.3,-1.60,A_WATCH_losing_bad_RR
nasdaq_csco_lightgbm__ps_v9,NASDAQ,lightgbm__ps,CSCO,3,1,33.3,-1.60,A_WATCH_losing_bad_RR
nasdaq_adbe_gru_nn__ps_v9,NASDAQ,gru_nn__ps,ADBE,6,3,50.0,-1.40,A_WATCH_losing_bad_RR
crypto_lstm_nn_v3,CRYPTO,lstm_nn,"",33,15,45.5,-1.39,A_WATCH_losing_bad_RR
nasdaq_intc_egarch__ps_v9,NASDAQ,egarch__ps,INTC,8,4,50.0,-1.28,A_WATCH_losing_bad_RR
sp500_xom_lstm_nn__ps_v4,SP500,lstm_nn__ps,XOM,6,2,33.3,-1.19,A_WATCH_losing_bad_RR
nasdaq_intc_egarch__ps_v3,NASDAQ,egarch__ps,INTC,5,2,40.0,-1.14,A_WATCH_losing_bad_RR
nasdaq_intc_xgboost__ps_v6,NASDAQ,xgboost__ps,INTC,5,2,40.0,-1.14,A_WATCH_losing_bad_RR
nasdaq_nflx_arima_garch__ps_v6,NASDAQ,arima_garch__ps,NFLX,7,5,71.4,-1.07,A_WATCH_losing_bad_RR
nasdaq_nflx_arima_garch__ps_v3,NASDAQ,arima_garch__ps,NFLX,7,5,71.4,-1.07,A_WATCH_losing_bad_RR
nasdaq_meta_meta_stack__ps,NASDAQ,meta_stack__ps,META,4,2,50.0,-1.01,A_WATCH_losing_bad_RR
sp500_unh_lightgbm__ps_v9,SP500,lightgbm__ps,UNH,6,2,33.3,-0.85,A_WATCH_losing_bad_RR
sp500_bac_meta_stack__ps,SP500,meta_stack__ps,BAC,3,1,33.3,-0.85,A_WATCH_losing_bad_RR
crypto_ema_v8,CRYPTO,ema,"",3,1,33.3,-0.73,A_WATCH_losing_bad_RR
nasdaq_nflx_lightgbm__ps,NASDAQ,lightgbm__ps,NFLX,13,8,61.5,-0.69,A_WATCH_losing_bad_RR
nasdaq_nflx_lightgbm__ps_v7,NASDAQ,lightgbm__ps,NFLX,13,8,61.5,-0.69,A_WATCH_losing_bad_RR
nasdaq_nflx_lightgbm__ps_v3,NASDAQ,lightgbm__ps,NFLX,13,8,61.5,-0.69,A_WATCH_losing_bad_RR
nasdaq_nflx_lightgbm__ps_v6,NASDAQ,lightgbm__ps,NFLX,13,8,61.5,-0.69,A_WATCH_losing_bad_RR
nasdaq_lightgbm_v5,NASDAQ,lightgbm,"",11,4,36.4,-0.44,A_WATCH_losing_bad_RR
sp500_lightgbm_v12,SP500,lightgbm,"",13,5,38.5,-0.40,A_WATCH_losing_bad_RR
sp500_lightgbm_v11,SP500,lightgbm,"",13,5,38.5,-0.40,A_WATCH_losing_bad_RR
nasdaq_transformer_nn_v9,NASDAQ,transformer_nn,"",10,6,60.0,-0.38,A_WATCH_losing_bad_RR
sp500_moving_average_v3,SP500,moving_average,"",3,1,33.3,-0.34,A_WATCH_losing_bad_RR
nasdaq_adbe_ema__ps_v3,NASDAQ,ema__ps,ADBE,3,1,33.3,-0.31,A_WATCH_losing_bad_RR
nasdaq_msft_arima_garch__ps_v8,NASDAQ,arima_garch__ps,MSFT,5,4,80.0,-0.21,A_WATCH_losing_bad_RR
sp500_ma_lstm_nn__ps_v8,SP500,lstm_nn__ps,MA,6,3,50.0,-0.12,A_WATCH_losing_bad_RR
nasdaq_nvda_meta_stack__ps,NASDAQ,meta_stack__ps,NVDA,6,3,50.0,-0.12,A_WATCH_losing_bad_RR
sp500_cvx_xgboost__ps_v9,SP500,xgboost__ps,CVX,5,2,40.0,-0.08,A_WATCH_losing_bad_RR
sp500_cvx_xgboost__ps_v3,SP500,xgboost__ps,CVX,5,2,40.0,-0.08,A_WATCH_losing_bad_RR
nasdaq_qcom_meta_stack__ps,NASDAQ,meta_stack__ps,QCOM,3,1,33.3,-0.07,A_WATCH_losing_bad_RR
sp500_xom_lstm_nn__ps_v10,SP500,lstm_nn__ps,XOM,11,1,9.1,0.10,B_FRAGILE_lowwr_profit
sp500_pg_lstm_nn__ps_v6,SP500,lstm_nn__ps,PG,6,1,16.7,0.10,B_FRAGILE_lowwr_profit
sp500_pg_lstm_nn__ps,SP500,lstm_nn__ps,PG,6,1,16.7,0.10,B_FRAGILE_lowwr_profit
sp500_pg_lstm_nn__ps_v3,SP500,lstm_nn__ps,PG,6,1,16.7,0.10,B_FRAGILE_lowwr_profit
sp500_pg_lstm_nn__ps_v7,SP500,lstm_nn__ps,PG,6,1,16.7,0.10,B_FRAGILE_lowwr_profit
sp500_jpm_egarch__ps_v9,SP500,egarch__ps,JPM,18,3,16.7,0.27,B_FRAGILE_lowwr_profit
sp500_jpm_egarch__ps_v3,SP500,egarch__ps,JPM,18,3,16.7,0.27,B_FRAGILE_lowwr_profit
sp500_ma_egarch__ps_v9,SP500,egarch__ps,MA,16,2,12.5,0.31,B_FRAGILE_lowwr_profit
sp500_ma_egarch__ps_v3,SP500,egarch__ps,MA,16,2,12.5,0.31,B_FRAGILE_lowwr_profit
sp500_ma_lstm_nn__ps_v3,SP500,lstm_nn__ps,MA,22,4,18.2,0.38,B_FRAGILE_lowwr_profit
sp500_ma_lstm_nn__ps_v9,SP500,lstm_nn__ps,MA,22,4,18.2,0.38,B_FRAGILE_lowwr_profit
sp500_unh_egarch__ps_v9,SP500,egarch__ps,UNH,26,5,19.2,0.38,B_FRAGILE_lowwr_profit
sp500_qqq_arima_garch__ps_v4,SP500,arima_garch__ps,QQQ,9,2,22.2,0.41,B_FRAGILE_lowwr_profit
sp500_qqq_arima_garch__ps_v7,SP500,arima_garch__ps,QQQ,9,2,22.2,0.41,B_FRAGILE_lowwr_profit
sp500_qqq_arima_garch__ps_v3,SP500,arima_garch__ps,QQQ,9,2,22.2,0.41,B_FRAGILE_lowwr_profit
sp500_qqq_arima_garch__ps_v9,SP500,arima_garch__ps,QQQ,9,2,22.2,0.41,B_FRAGILE_lowwr_profit
sp500_qqq_arima_garch__ps_v6,SP500,arima_garch__ps,QQQ,9,2,22.2,0.41,B_FRAGILE_lowwr_profit
sp500_qqq_arima_garch__ps,SP500,arima_garch__ps,QQQ,9,2,22.2,0.41,B_FRAGILE_lowwr_profit
crypto_eth_xgboost__ps_v3,CRYPTO,xgboost__ps,ETH,9,1,11.1,0.45,B_FRAGILE_lowwr_profit
crypto_eth_xgboost__ps_v9,CRYPTO,xgboost__ps,ETH,9,1,11.1,0.45,B_FRAGILE_lowwr_profit
gold_lstm_nn_v6,GOLD,lstm_nn,"",13,1,7.7,0.50,B_FRAGILE_lowwr_profit
gold_lstm_nn_v7,GOLD,lstm_nn,"",13,1,7.7,0.50,B_FRAGILE_lowwr_profit
gold_lstm_nn,GOLD,lstm_nn,"",13,1,7.7,0.50,B_FRAGILE_lowwr_profit
sp500_gru_nn_v9,SP500,gru_nn,"",46,10,21.7,0.58,B_FRAGILE_lowwr_profit
nasdaq_qcom_arima_garch__ps_v9,NASDAQ,arima_garch__ps,QCOM,24,3,12.5,0.81,B_FRAGILE_lowwr_profit
sp500_meta_stack,SP500,meta_stack,"",18,5,27.8,0.83,B_FRAGILE_lowwr_profit
nasdaq_intc_lightgbm__ps_v6,NASDAQ,lightgbm__ps,INTC,11,3,27.3,0.84,B_FRAGILE_lowwr_profit
nasdaq_intc_lightgbm__ps_v3,NASDAQ,lightgbm__ps,INTC,11,3,27.3,0.84,B_FRAGILE_lowwr_profit
nasdaq_ensemble_v7,NASDAQ,ensemble,"",45,10,22.2,0.89,B_FRAGILE_lowwr_profit
sp500_arima_garch_v11,SP500,arima_garch,"",6,1,16.7,1.01,B_FRAGILE_lowwr_profit
gold_xau_spot_meta_stack__ps,GOLD,meta_stack__ps,XAU_spot,7,2,28.6,1.01,B_FRAGILE_lowwr_profit
sp500_arima_garch_v12,SP500,arima_garch,"",6,1,16.7,1.01,B_FRAGILE_lowwr_profit
crypto_btc_xgboost__ps_v9,CRYPTO,xgboost__ps,BTC,14,1,7.1,1.03,B_FRAGILE_lowwr_profit
crypto_lightgbm_v6,CRYPTO,lightgbm,"",46,13,28.3,1.17,B_FRAGILE_lowwr_profit
crypto_lightgbm,CRYPTO,lightgbm,"",45,12,26.7,1.20,B_FRAGILE_lowwr_profit
sp500_spy_lightgbm__ps_v3,SP500,lightgbm__ps,SPY,6,1,16.7,1.23,B_FRAGILE_lowwr_profit
sp500_spy_lightgbm__ps,SP500,lightgbm__ps,SPY,6,1,16.7,1.23,B_FRAGILE_lowwr_profit
sp500_spy_lightgbm__ps_v7,SP500,lightgbm__ps,SPY,6,1,16.7,1.23,B_FRAGILE_lowwr_profit
sp500_spy_lightgbm__ps_v6,SP500,lightgbm__ps,SPY,6,1,16.7,1.23,B_FRAGILE_lowwr_profit
sp500_spy_lightgbm__ps_v9,SP500,lightgbm__ps,SPY,6,1,16.7,1.23,B_FRAGILE_lowwr_profit
crypto_lightgbm_v12,CRYPTO,lightgbm,"",33,9,27.3,1.34,B_FRAGILE_lowwr_profit
crypto_lightgbm_v11,CRYPTO,lightgbm,"",33,9,27.3,1.34,B_FRAGILE_lowwr_profit
nasdaq_avgo_sarima__ps_v3,NASDAQ,sarima__ps,AVGO,11,2,18.2,1.38,B_FRAGILE_lowwr_profit
gold_ensemble,GOLD,ensemble,"",20,2,10.0,1.40,B_FRAGILE_lowwr_profit
gold_ensemble_v7,GOLD,ensemble,"",20,2,10.0,1.40,B_FRAGILE_lowwr_profit
crypto_btc_lightgbm__ps_v3,CRYPTO,lightgbm__ps,BTC,38,10,26.3,1.45,B_FRAGILE_lowwr_profit
sp500_xgboost_v6,SP500,xgboost,"",19,5,26.3,1.47,B_FRAGILE_lowwr_profit
sp500_xgboost,SP500,xgboost,"",19,5,26.3,1.47,B_FRAGILE_lowwr_profit
sp500_xgboost_v7,SP500,xgboost,"",19,5,26.3,1.47,B_FRAGILE_lowwr_profit
nasdaq_aapl_sarima__ps_v9,NASDAQ,sarima__ps,AAPL,7,1,14.3,1.51,B_FRAGILE_lowwr_profit
nasdaq_avgo_sarima__ps_v9,NASDAQ,sarima__ps,AVGO,12,3,25.0,1.61,B_FRAGILE_lowwr_profit
crypto_btc_xgboost__ps_v3,CRYPTO,xgboost__ps,BTC,13,1,7.7,1.62,B_FRAGILE_lowwr_profit
sp500_pg_gru_nn__ps_v9,SP500,gru_nn__ps,PG,5,1,20.0,1.63,B_FRAGILE_lowwr_profit
sp500_ko_gru_nn__ps_v7,SP500,gru_nn__ps,KO,14,4,28.6,1.66,B_FRAGILE_lowwr_profit
sp500_ko_gru_nn__ps_v6,SP500,gru_nn__ps,KO,14,4,28.6,1.66,B_FRAGILE_lowwr_profit
sp500_ko_gru_nn__ps_v9,SP500,gru_nn__ps,KO,14,4,28.6,1.66,B_FRAGILE_lowwr_profit
sp500_ko_gru_nn__ps,SP500,gru_nn__ps,KO,14,4,28.6,1.66,B_FRAGILE_lowwr_profit
sp500_ko_gru_nn__ps_v3,SP500,gru_nn__ps,KO,14,4,28.6,1.66,B_FRAGILE_lowwr_profit
nasdaq_avgo_sarima__ps_v6,NASDAQ,sarima__ps,AVGO,8,1,12.5,1.69,B_FRAGILE_lowwr_profit
nasdaq_avgo_random_forest__ps_v3,NASDAQ,random_forest__ps,AVGO,8,1,12.5,1.69,B_FRAGILE_lowwr_profit
gold_btmc_sjc_xgboost__ps_v9,GOLD,xgboost__ps,BTMC_sjc,14,1,7.1,2.00,B_FRAGILE_lowwr_profit
gold_btmc_sjc_xgboost__ps_v3,GOLD,xgboost__ps,BTMC_sjc,14,1,7.1,2.00,B_FRAGILE_lowwr_profit
sp500_xom_gru_nn__ps_v7,SP500,gru_nn__ps,XOM,7,2,28.6,2.03,B_FRAGILE_lowwr_profit
sp500_xom_gru_nn__ps_v3,SP500,gru_nn__ps,XOM,7,2,28.6,2.03,B_FRAGILE_lowwr_profit
sp500_xom_gru_nn__ps_v9,SP500,gru_nn__ps,XOM,7,2,28.6,2.03,B_FRAGILE_lowwr_profit
sp500_xom_gru_nn__ps,SP500,gru_nn__ps,XOM,7,2,28.6,2.03,B_FRAGILE_lowwr_profit
sp500_xom_gru_nn__ps_v6,SP500,gru_nn__ps,XOM,7,2,28.6,2.03,B_FRAGILE_lowwr_profit
crypto_btc_lightgbm__ps_v9,CRYPTO,lightgbm__ps,BTC,44,13,29.5,2.05,B_FRAGILE_lowwr_profit
sp500_cvx_xgboost__ps_v7,SP500,xgboost__ps,CVX,5,1,20.0,2.22,B_FRAGILE_lowwr_profit
sp500_cvx_xgboost__ps_v6,SP500,xgboost__ps,CVX,5,1,20.0,2.22,B_FRAGILE_lowwr_profit
sp500_cvx_xgboost__ps,SP500,xgboost__ps,CVX,5,1,20.0,2.22,B_FRAGILE_lowwr_profit
nasdaq_qcom_sarima__ps_v7,NASDAQ,sarima__ps,QCOM,10,1,10.0,2.24,B_FRAGILE_lowwr_profit
sp500_gru_nn_v12,SP500,gru_nn,"",17,3,17.6,2.38,B_FRAGILE_lowwr_profit
sp500_gru_nn_v11,SP500,gru_nn,"",17,3,17.6,2.38,B_FRAGILE_lowwr_profit
gold_ensemble_v9,GOLD,ensemble,"",26,4,15.4,2.64,B_FRAGILE_lowwr_profit
nasdaq_avgo_random_forest__ps_v9,NASDAQ,random_forest__ps,AVGO,9,2,22.2,3.16,B_FRAGILE_lowwr_profit
nasdaq_nvda_gru_nn__ps_v9,NASDAQ,gru_nn__ps,NVDA,5,1,20.0,3.25,B_FRAGILE_lowwr_profit
nasdaq_egarch_v2,NASDAQ,egarch,"",11,3,27.3,3.33,B_FRAGILE_lowwr_profit
crypto_gru_nn_v8,CRYPTO,gru_nn,"",154,34,22.1,3.46,B_FRAGILE_lowwr_profit
sp500_gru_nn_v7,SP500,gru_nn,"",24,6,25.0,3.62,B_FRAGILE_lowwr_profit
sp500_egarch_v9,SP500,egarch,"",32,7,21.9,3.66,B_FRAGILE_lowwr_profit
crypto_sol_lstm_nn__ps_v4,CRYPTO,lstm_nn__ps,SOL,6,1,16.7,4.00,B_FRAGILE_lowwr_profit
nasdaq_qcom_arima_garch__ps_v5,NASDAQ,arima_garch__ps,QCOM,7,1,14.3,4.13,B_FRAGILE_lowwr_profit
crypto_random_forest,CRYPTO,random_forest,"",20,4,20.0,4.15,B_FRAGILE_lowwr_profit
crypto_random_forest_v7,CRYPTO,random_forest,"",20,4,20.0,4.15,B_FRAGILE_lowwr_profit
gold_gru_nn_v11,GOLD,gru_nn,"",36,7,19.4,4.29,B_FRAGILE_lowwr_profit
gold_gru_nn_v12,GOLD,gru_nn,"",36,7,19.4,4.29,B_FRAGILE_lowwr_profit
crypto_random_forest_v6,CRYPTO,random_forest,"",21,5,23.8,4.36,B_FRAGILE_lowwr_profit
nasdaq_nvda_gru_nn__ps_v3,NASDAQ,gru_nn__ps,NVDA,5,1,20.0,4.67,B_FRAGILE_lowwr_profit
crypto_random_forest_v12,CRYPTO,random_forest,"",15,3,20.0,4.70,B_FRAGILE_lowwr_profit
crypto_random_forest_v11,CRYPTO,random_forest,"",15,3,20.0,4.70,B_FRAGILE_lowwr_profit
nasdaq_amd_random_forest__ps_v3,NASDAQ,random_forest__ps,AMD,11,3,27.3,4.71,B_FRAGILE_lowwr_profit
nasdaq_amd_random_forest__ps_v6,NASDAQ,random_forest__ps,AMD,11,3,27.3,4.71,B_FRAGILE_lowwr_profit
sp500_lstm_nn_v12,SP500,lstm_nn,"",18,4,22.2,5.29,B_FRAGILE_lowwr_profit
sp500_lstm_nn_v11,SP500,lstm_nn,"",18,4,22.2,5.29,B_FRAGILE_lowwr_profit
sp500_lightgbm,SP500,lightgbm,"",14,4,28.6,5.85,B_FRAGILE_lowwr_profit
sp500_lightgbm_v7,SP500,lightgbm,"",14,4,28.6,5.85,B_FRAGILE_lowwr_profit
sp500_lightgbm_v6,SP500,lightgbm,"",14,4,28.6,5.85,B_FRAGILE_lowwr_profit
gold_gru_nn_v5,GOLD,gru_nn,"",17,3,17.6,6.75,B_FRAGILE_lowwr_profit
nasdaq_avgo_sarima__ps,NASDAQ,sarima__ps,AVGO,7,1,14.3,6.94,B_FRAGILE_lowwr_profit
nasdaq_avgo_sarima__ps_v4,NASDAQ,sarima__ps,AVGO,7,1,14.3,6.94,B_FRAGILE_lowwr_profit
nasdaq_avgo_sarima__ps_v7,NASDAQ,sarima__ps,AVGO,7,1,14.3,6.94,B_FRAGILE_lowwr_profit
nasdaq_amd_sarima__ps_v3,NASDAQ,sarima__ps,AMD,9,2,22.2,7.26,B_FRAGILE_lowwr_profit
gold_gru_nn_v7,GOLD,gru_nn,"",50,11,22.0,7.35,B_FRAGILE_lowwr_profit
nasdaq_intc_random_forest__ps_v6,NASDAQ,random_forest__ps,INTC,12,3,25.0,7.43,B_FRAGILE_lowwr_profit
nasdaq_tsla_arima_garch__ps_v9,NASDAQ,arima_garch__ps,TSLA,8,2,25.0,7.54,B_FRAGILE_lowwr_profit
gold_egarch_v9,GOLD,egarch,"",95,28,29.5,8.55,B_FRAGILE_lowwr_profit
nasdaq_intc_moving_average__ps_v9,NASDAQ,moving_average__ps,INTC,8,2,25.0,9.04,B_FRAGILE_lowwr_profit
nasdaq_amd_arima_garch__ps_v7,NASDAQ,arima_garch__ps,AMD,7,2,28.6,9.18,B_FRAGILE_lowwr_profit
nasdaq_amd_random_forest__ps_v7,NASDAQ,random_forest__ps,AMD,10,2,20.0,9.18,B_FRAGILE_lowwr_profit
nasdaq_aapl_arima_garch__ps_v9,NASDAQ,arima_garch__ps,AAPL,7,2,28.6,9.65,B_FRAGILE_lowwr_profit
nasdaq_intc_random_forest__ps_v7,NASDAQ,random_forest__ps,INTC,12,3,25.0,9.79,B_FRAGILE_lowwr_profit
gold_gru_nn_v9,GOLD,gru_nn,"",52,11,21.2,10.66,B_FRAGILE_lowwr_profit
nasdaq_sarima_v7,NASDAQ,sarima,"",60,17,28.3,10.75,B_FRAGILE_lowwr_profit
crypto_gru_nn_v11,CRYPTO,gru_nn,"",81,15,18.5,11.04,B_FRAGILE_lowwr_profit
crypto_gru_nn_v12,CRYPTO,gru_nn,"",81,15,18.5,11.04,B_FRAGILE_lowwr_profit
nasdaq_ensemble_v8,NASDAQ,ensemble,"",34,10,29.4,11.74,B_FRAGILE_lowwr_profit
crypto_random_forest_v3,CRYPTO,random_forest,"",32,8,25.0,13.88,B_FRAGILE_lowwr_profit
crypto_sol_gru_nn__ps_v4,CRYPTO,gru_nn__ps,SOL,9,2,22.2,14.99,B_FRAGILE_lowwr_profit
crypto_xgboost_v5,CRYPTO,xgboost,"",9,2,22.2,15.60,B_FRAGILE_lowwr_profit
crypto_sol_gru_nn__ps_v2,CRYPTO,gru_nn__ps,SOL,14,3,21.4,17.71,B_FRAGILE_lowwr_profit
crypto_sol_gru_nn__ps_v3,CRYPTO,gru_nn__ps,SOL,17,4,23.5,17.79,B_FRAGILE_lowwr_profit
crypto_sol_gru_nn__ps_v6,CRYPTO,gru_nn__ps,SOL,17,4,23.5,17.79,B_FRAGILE_lowwr_profit
crypto_sol_gru_nn__ps_v9,CRYPTO,gru_nn__ps,SOL,19,5,26.3,20.30,B_FRAGILE_lowwr_profit
crypto_sol_lstm_nn__ps_v8,CRYPTO,lstm_nn__ps,SOL,6,1,16.7,20.39,B_FRAGILE_lowwr_profit
crypto_sol_lstm_nn__ps_v7,CRYPTO,lstm_nn__ps,SOL,6,1,16.7,20.39,B_FRAGILE_lowwr_profit
crypto_sol_lstm_nn__ps,CRYPTO,lstm_nn__ps,SOL,7,2,28.6,20.68,B_FRAGILE_lowwr_profit
crypto_sol_gru_nn__ps_v8,CRYPTO,gru_nn__ps,SOL,14,2,14.3,20.96,B_FRAGILE_lowwr_profit
crypto_sol_gru_nn__ps_v5,CRYPTO,gru_nn__ps,SOL,5,1,20.0,21.71,B_FRAGILE_lowwr_profit
crypto_sol_lstm_nn__ps_v5,CRYPTO,lstm_nn__ps,SOL,5,1,20.0,21.71,B_FRAGILE_lowwr_profit
crypto_sol_gru_nn__ps_v10,CRYPTO,gru_nn__ps,SOL,5,1,20.0,21.71,B_FRAGILE_lowwr_profit
crypto_sol_gru_nn__ps_v7,CRYPTO,gru_nn__ps,SOL,13,2,15.4,22.28,B_FRAGILE_lowwr_profit
crypto_sol_gru_nn__ps,CRYPTO,gru_nn__ps,SOL,14,3,21.4,22.48,B_FRAGILE_lowwr_profit
